94231 86977
59583 63835
21484 17576
66725 10723
87339 57271
82017 45605
45726 38090
37508 25590
7777 36204
17202 11070
48835 52664
85896 78757
21154 16154
14782 51268
29578 58438
91592 59555
72168 64142
31519 39790
69693 20825
48638 5542
40422 31886
33438 38963
48119 64232
89614 74955
49158 63294
19042 17869
18433 53386
58997 6869
89374 53719
93358 65932
50552 5471
93569 3148
60554 59834
86166 8961
49547 78500
32667 79218
33697 56918
49896 38017
11544 10516
63224 11717
55374 78401
11979 81578
8448 63456
24992 8710
35794 30261
83756 84127
9476 21838
76548 27568
78429 43510
5811 39598
63580 68301
63192 67108
39038 52868
86540 32460
28165 58349
3070 79323
91375 47006
93811 20172
47453 1094
1563 11690
93612 29876
28174 21948
35589 74907
24203 53014
47036 7518
91488 40495
33662 66470
39943 16436
61926 66269
74499 3350
3570 41609
22218 46910
38455 49533
82433 39718
48813 59349
71577 52466
27231 61309
42868 56220
84809 32891
62846 27574
68895 15374
77134 74950
10213 18445
13148 20154
43671 21210
59115 24098
1943 30494
48234 70989
10918 38170
81423 55012
14831 47390
34113 4705
85128 76760
52014 53185
66437 34953
20291 31545
56917 8822
57267 20151
22165 54397
23853 65209
75381 39240
1804 29806
52476 2968
63495 45358
4959 86186
65320 78404
61254 46274
87896 64139
90255 17817
66397 16776
58649 40080
68535 64565
20979 80513
21338 39766
45607 5570
38536 21224
59552 31260
17319 53994
45553 53007
64398 21362
80571 53556
74204 5197
45681 38081
3689 62627
22056 48565
50264 32122
20683 28845
7286 78341
18253 42371
75090 14955
5071 79799
69070 76942
61733 17717
21129 78257
3678 68862
74164 63872
49320 38734
39427 22497
2004 8898
50917 50664
19104 75937
64880 31879
39246 29913
27111 46395
32106 21824
39150 19750
55934 32956
6688 82169
32982 48270
3597 63199
61991 24566
21920 17447
3500 14173
46727 37437
40607 4183
92138 15608
91621 38699
33955 84502
88253 55119
67858 76628
67083 70373
210 54664
88371 23698
56996 144
91304 18147
54244 15651
79286 27639
32134 1831
3922 81645
41530 24568
15444 31928
61466 76885
20684 60155
92195 46897
48602 84030
38194 20500
77599 61944
80480 49019
81606 7797
6811 27786
43099 77511
9946 14050
35654 40658
81204 25371
48311 23288
73526 81900
12899 65844
62896 55404
41756 8719
64659 86221
43646 23765
32416 76451
61261 56635
8388 69429
81564 25867
41764 59599
89644 84021
86593 36154
32473 74358
49896 18666
74633 50986
79222 16517
73375 28860
51187 52848
58308 52867
60796 11107
56882 79961
84095 71046
61959 27291
19904 22053
47823 61642
26433 82051
57826 34424
68674 65353
2845 83107
21075 19290
47577 68962
38228 67964
1813 44135
8903 78167
88510 84967
93642 44746
48417 84021
71562 69944
24649 3098
75589 2773
1133 85592
52567 64434
81693 23702
55575 40640
20000 21368
51409 68002
38508 11706
32818 76433
68895 21994
15621 86790
90035 25442
38053 11745
81893 85042
77143 33730
40315 86913
7870 37738
52437 65644
90321 28074
80935 12131
22542 33673
73106 48095
67036 62889
19911 79140
34806 47580
81306 34429
48771 31224
86955 20573
84460 66211
19473 75978
3579 25384
846 23042
73201 35179
55712 34460
16178 26171
13931 26469
93496 59187
14830 389
65488 56088
60334 65586
87641 59633
16626 81807
19481 36490
11550 15141
38396 14179
50406 39867
2786 64529
73869 55019
3799 59117
71807 24889
65593 85693
45928 53068
74235 3934
52808 2890
89547 84611
43550 11509
52858 36553
2998 18539
56430 52465
36605 8865
82295 18025
4977 8449
75221 83523
63337 51791
4435 8949
22399 51663
93291 59112
7227 79384
46302 26411
28423 26931
32746 65733
18588 9669
26616 62711
46928 61518
57058 61223
76752 48054
88230 20843
22963 27791
30982 61972
79197 33211
10735 45268
70968 3721
43673 29050
43023 82079
39790 37833
13854 7826
74887 26470
1743 70522
74848 52459
16508 23290
19411 16300
24114 32270
73656 13795
48923 40480
49523 50241
23049 66817
2740 48374
84766 12411
85114 56805
65991 59648
77298 61520
73251 74678
72343 75876
1730 71023
80898 35504
85895 82259
8394 57963
13732 18479
9964 48652
6342 4449
2238 55025
4507 1478
10805 40879
16190 56142
1873 9705
49726 60007
10257 15770
82678 23186
73978 35531
91614 44505
90217 35957
58707 72808
45490 789
14377 31211
73379 58896
30102 75079
22806 57287
3585 34605
66706 32931
22461 60699
56008 20718
64090 28818
86894 18900
34514 36544
68873 13595
31773 33670
24906 83451
13358 48916
24671 61552
6124 69951
19022 76091
54727 37271
14156 11973
69211 48250
88686 81987
17676 80852
55415 77323
79744 43855
5369 22262
23275 59780
16360 67173
17681 86066
40593 78185
31020 31528
70674 12353
16857 21091
93534 34570
13116 59980
91793 10729
29758 45226
90105 18903
92674 43456
67941 39823
37163 75341
92451 41566
16523 1855
78870 10470
28202 368
63708 34412
76801 1937
22476 49476
34810 57424
8878 78724
71656 75879
62536 78425
85533 72129
82183 42415
9452 53441
33032 21827
71152 11432
25295 68794
80255 17804
46971 66115
80039 25661
4020 85833
44551 41878
40181 33036
70893 18543
35429 19103
22975 13223
77650 75007
70444 33258
59262 19546
37291 22273
68826 63144
84049 4863
64721 22839
62140 68137
9633 71718
72030 46105
79578 48018
5566 40191
23460 30525
35928 67140
56973 52687
20662 62941
75943 80528
82372 12023
90108 85223
65147 72711
51239 22164
83936 58109
84419 49014
57234 48261
15546 4259
80625 1070
91604 81545
60723 75602
42240 4588
93917 68296
66492 19592
10952 51791
36919 35647
85275 74030
89716 43512
23132 6356
28560 65723
33710 42267
22202 10780
31937 77996
8242 19898
83267 35207
59279 48844
14728 20252
56956 41870
43337 1916
80856 54661
21386 76557
73406 18879
72141 30139
38382 46321
66098 46145
58408 45905
79431 25891
44271 42350
24822 84890
33161 49894
76170 11465
57732 13116
35356 17799
3704 81860
15401 3717
91816 16315
66592 16764
65039 8833
14647 6639
72168 27853
91889 45004
405 27556
56630 86546
6559 6794
26492 35429
47031 80340
10676 80077
75689 77391
88279 46015
92149 7844
45473 53045
92352 3566
67147 57896
77272 25040
46173 54914
10000 37084
32150 55679
77614 68515
64203 54776
78512 9939
37777 75047
34691 79959
9638 51754
59424 67606
26640 44044
83230 79469
40235 67567
81116 27832
79620 53178
80562 6674
82056 38433
57365 72763
57959 71834
9541 57137
71791 58179
61834 71090
36916 78382
42036 66456
4976 5922
7590 61496
6007 15327
91033 44825
55686 55362
23433 59790
86367 74074
1486 37156
80042 35149
76003 79776
6026 68654
27310 54265
16177 60560
1290 65078
5126 86188
78191 64044
23726 83687
10118 52327
89255 15500
51344 31062
25003 37380
25654 56185
77092 56755
67107 35181
87846 16196
42228 11659
21936 6545
6336 36530
90937 66727
78641 83591
15923 24567
26878 70184
64129 15869
9001 34450
13755 22439
84350 52885
46265 28151
61739 60528
70899 72968
62416 45284
12145 18767
13436 26176
4882 7450
66503 11322
67501 43507
29839 56202
21129 14156
63215 57650
57646 26815
58987 27674
88105 34891
19560 73536
5132 10293
67525 34338
43158 31452
88589 84709
16575 37206
77041 79230
77184 32330
46878 69381
79698 12648
7078 16987
22188 20144
86760 86745
63736 49175
32235 72561
14467 57029
92430 24482
66711 11864
62797 71393
76403 16615
17743 16731
94175 22451
54584 69008
19640 58992
16583 27971
45147 48314
9836 15381
25412 72259
33597 18822
24487 990
2133 24968
33539 68363
93049 23244
79435 77359
48688 75558
1667 82336
76633 22944
7270 5532
15544 28840
17921 2340
16802 25988
89227 40008
65345 59085
28915 5025
45391 58807
22762 51141
36013 68980
53404 50533
4094 48371
16542 44475
28295 60240
72414 49820
54008 2596
74170 47860
82865 1693
72090 45024
31571 78572
1056 37904
53478 9326
23925 13335
63127 1749
77292 43020
80323 83696
12890 77052
81753 69285
18727 56858
82031 40433
36243 24976
77375 19855
51594 46415
13576 25203
25151 24612
29425 11318
21801 24171
5841 30208
54330 44031
50383 85121
44729 51632
66064 21333
49724 17588
72454 19619
61409 25968
69532 21892
20476 25013
817 46154
16492 62755
72681 77391
73065 44807
82769 45567
64859 43973
5364 7437
11347 69739
21421 86148
54421 193
74894 73885
43794 16551
6165 57984
36920 59630
1287 43874
66734 85206
4079 81877
26905 3962
34543 70689
86363 24759
20648 43280
4020 35379
51985 78172
8934 9957
60773 79621
5553 55091
88795 38852
89849 73700
36689 84697
92493 7183
61874 78317
53322 24627
54803 49425
73579 40219
46873 80362
66552 22678
34498 74494
67166 37724
80131 76837
10624 8443
62173 24371
32515 39611
79286 4489
26294 22250
42909 9786
26955 73160
38922 75997
64511 75048
82797 49020
67895 3938
37487 68697
7931 50279
66842 16898
17021 48116
45714 63114
73001 67689
76353 83516
38953 69025
35759 74877
79712 79227
61376 37932
37177 76600
15482 31676
32411 43729
41046 69765
31203 72252
59822 74622
79157 27454
88598 2765
66858 17035
34699 51451
91215 28321
59887 5103
20370 504
19921 49241
19980 45632
56258 42981
75332 1721
50511 86335
82036 78051
384 39390
19150 42499
65573 63909
91322 49861
9540 65838
60907 67918
52653 78689
42344 28590
61868 7790
58839 40247
37514 55346
30809 2982
5379 52202
80530 70689
8734 38390
42903 67139
65685 10271
43136 69
49652 9282
54421 34262
53122 54803
32677 77251
71203 31902
53491 51625
33081 79966
52243 48523
35995 83715
40120 53064
11038 6162
61950 39219
58112 12467
85472 37504
91660 77746
68737 48128
8804 41172
38788 3057
82604 85833
12258 62151
56062 81697
90821 80299
17231 32854
59243 17005
93873 30421
61367 35454
47465 61973
28928 26939
84880 69707
23524 83736
2905 10166
45579 11324
47945 50934
85009 44737
46746 34740
20393 17403
55441 15708
50218 73617
52667 67419
25865 62084
42635 73747
24867 77659
6367 6763
756 32621
18471 12679
56687 20964
1244 50298
70377 46172
48813 76165
11793 65342
14343 62113
32073 67123
82417 19274
35612 30018
83502 57389
77541 389
66991 83023
9974 31722
37194 55125
9840 75579
52095 10564
24241 15426
33573 42917
88204 38365
60819 28600
21437 21474
23695 48291
64062 80868
55983 51211
83960 26210
55015 19511
20950 49836
43668 85546
4886 53367
14386 48182
60703 67551
44213 3564
12465 63440
5691 35896
13973 30160
55865 61213
92769 51446
60085 69455
47300 42330
68628 15552
4671 68915
44510 68522
53041 15551
32682 11139
33539 34487
12502 60824
25067 49404
24657 36144
63569 45014
28904 24073
7741 74471
54734 75628
51886 51589
986 83055
9284 20134
77957 41952
88316 3591
50053 14725
50531 51102
1548 85768
45342 50349
41641 37927
29475 60848
77173 38892
49646 11372
91205 76927
42735 85184
54618 40891
61063 37766
58101 2110
37991 31452
76302 43114
84952 81929
72917 69423
84627 74117
53123 14674
38372 80889
43150 29413
89418 43725
9186 83399
47407 36359
18395 64631
42843 4017
52438 12579
87787 2135
90723 7510
4666 15860
44419 3721
48464 140
86306 78859
77764 3164
73813 40160
52225 75226
33390 9229
4931 32130
23541 55503
32030 22403
81414 47964
71205 12463
80555 31747
10975 34182
79528 13389
49669 552
23981 53664
83195 2135
5383 62418
24578 37253
86458 70694
89598 8734
42348 55256
44101 63393
58537 51823
13391 47255
75248 65003
61403 25364
64686 21499
72401 30338
51748 36086
26879 74026
24913 41234
13358 60236
9812 27652
45097 59480
34154 46101
45218 3939
25031 12154
9827 3708
86669 55901
91051 75578
60793 84357
10111 66606
6749 68891
68069 80111
42517 81483
79158 37168
23070 47356
33496 77887
27905 16963
90647 19047
19973 59590
11454 66138
87048 71946
57431 62705
60979 78256
10645 85900
71051 863
53021 14807
21807 66576
41229 37555
74220 70151
19985 62909
41569 1993
28614 25790
63287 72590
38257 54957
8417 11086
73757 62203
46784 23326
32258 16548
45476 37154
54925 39233
26472 332
76997 49830
89455 18250
83070 86909
70834 62446
27468 64304
31235 42427
48849 38183
68329 45884
23986 25868
35990 59670
31190 26442
9129 58788
84147 38859
75053 73511
92001 68590
34362 70232
72750 22996
69552 52584
36937 74598
29022 23280
912 26132
36020 56359
78869 77851
46355 5401
31609 84261
7861 31298
29335 39356
27231 70252
76413 70984
51578 61806
39685 44196
34913 61924
88742 694
79751 14272
22744 81643
93071 40108
89071 41634
69187 1541
20692 47321
35317 68016
30214 81235
65112 26499
37415 27059
89929 13459
74353 49088
142 74063
39331 32397
10988 54260
24052 33324
18642 35633
93966 75445
12173 41256
34871 74151
77288 59153
91222 32946
18940 53315
15955 6997
41970 73648
23483 25220
48277 3977
94226 19452
42670 82534
48875 78157
73705 13185
46653 58846
75982 13715
82546 80252
54659 31439
49910 10282
55723 86632
5982 34926
39375 77183
7632 64651
2183 70185
38337 5447
83803 18280
93236 80800
23002 36666
2926 2680
74618 49348
81439 10957
84922 68008
34719 36551
75519 71967
58536 53410
75080 62276
52718 2599
16272 30978
21502 7832
83169 31288
66719 27406
16953 29962
87538 18722
3754 9424
15475 44541
76046 70001
73579 34605
76124 60105
53101 7213
81147 64111
16117 19704
53224 5778
68326 13937
59420 46095
87167 28412
45162 62822
72971 80078
11385 77819
42139 23372
5004 43854
32058 41435
43713 35603
20651 2110
66605 43323
89045 25603
613 50851
61187 33363
27141 12588
55270 30058
30442 21619
72991 9031
79964 5812
25269 75519
72011 16785
79179 32083
15366 74429
64188 24186
90242 36347
9861 11736
43094 7760
18287 59920
20292 39289
70708 27885
21083 31097
69557 36590
22165 12390
56929 58610
83665 21606
82175 25519
9272 47887
80998 39569
62326 68570
91061 80611
60772 59957
22236 8130
49516 34494
58404 22636
84395 70990
36866 11832
39763 40826
91572 69249
12836 9970
58773 24298
116 50998
88598 22891
2026 81426
22111 13971
18065 67529
10698 54777
89010 5792
66657 29437
34659 7199
55517 61727
20624 5802
59680 79991
12350 75016
76511 45446
16176 65260
60256 85583
35513 62645
24648 74663
57210 40913
28359 55553
49419 70646
28510 75615
88816 4149
9590 70010
7793 67640
85481 41308
21660 22666
30790 82654
27215 57014
60101 76505
91525 29497
91100 15394
73339 50866
33491 40381
45011 47306
37590 64003
6625 81300
51842 65187
349 45686
88430 13312
85866 2611
51833 35683
30183 13462
26979 55698
51485 14788
87668 12900
22457 72463
18486 82043
55569 63789
74315 45723
71953 28431
28434 35309
73111 74686
18260 39901
50604 69178
47260 49274
44276 31127
68845 23829
78800 53082
63141 48415
35562 45975
79319 12207
17617 72181
81977 59754
82788 1103
26309 84030
78595 13655
25915 59855
90767 2194
46212 48
54370 70149
82704 43516
35292 565
10117 29548
44541 25153
64362 74986
92691 41248
79149 19696
68088 36360
74147 52910
5439 8575
14906 15116
22355 66906
23455 62233
83685 13489
4028 35029
64000 41326
13781 40899
51726 62908
78731 16914
88272 35450
31624 22417
59115 2022
46289 14851
47094 2103
36709 14810
34199 60704
79630 8794
12245 60901
86692 66995
7306 20337
29192 44261
83127 10397
33116 56762
89749 48205
38093 70368
87755 13682
2437 65197
68489 30940
52558 84717
51191 55305
87081 17459
72905 35690
83957 77038
70566 70126
81069 79277
73724 24549
91511 60280
33855 9222
16860 84705
40181 45284
79700 13682
34221 54811
85415 35591
13652 26092
66755 70749
80775 5754
4946 55674
29455 35045
90915 51201
42016 66379
64522 70987
86066 79474
37495 67735
62453 43762
10439 35854
35203 30434
37425 59524
92824 5881
36724 38157
52229 42531
92585 49182
47148 5002
41358 80045
74300 37834
27801 37806
37326 8982
30197 71420
5736 59098
94059 86535
88891 784
93240 23262
67502 40040
31085 37811
48841 70165
71879 43270
44612 5139
79708 46788
55873 77325
38507 14683
51309 66203
62117 29877
33834 12309
33418 57818
963 24950
20248 24122
40066 7729
59830 21538
10241 44935
56350 33761
75164 65457
69224 27487
1913 47653
7916 84416
23255 81166
6404 10807
44335 59071
15869 59511
25093 72932
31162 74985
25497 25091
4885 47672
24214 40206
16095 51968
21429 80151
7098 57067
27667 82482
3010 8952
60342 73277
82003 24367
9716 60082
82204 39733
61469 61259
65589 84362
68898 44047
38431 35092
75301 42886
73527 5747
33315 77312
82667 34708
50418 25994
76668 56576
39822 78383
48316 69220
73963 45198
23214 80959
20717 8162
42860 13990
92441 80033
56662 12813
86657 12708
34190 44704
20176 46771
13962 39100
67176 58718
7738 49690
37989 52479
44009 81821
3204 15286
52304 60492
56196 155
21951 49024
24588 38233
16597 38844
57345 51968
30936 60404
32477 38296
11384 46174
8369 6442
34983 26609
21825 83934
81519 25144
10547 10088
56796 71404
44751 38139
66551 75117
20244 34409
65399 25527
58455 62247
80842 40685
24799 58336
54630 26213
7533 51647
43001 44929
6607 71433
56395 27935
26228 15118
79492 39603
23852 80435
57234 36261
4390 79703
7131 40470
44686 45734
94097 3633
86793 31230
11747 70781
60236 8727
77971 44257
25926 69229
69826 60079
79290 81755
78310 27839
2754 27809
79555 31082
10341 55629
78510 65960
22016 79271
63602 40229
71189 36191
25223 79624
78243 15838
28355 69867
38030 60984
84870 68300
17108 80781
58677 86001
27882 85271
88773 59860
11779 8052
63692 32528
36653 66004
89656 70501
8526 24838
75289 66987
15265 13809
40347 2968
70374 56954
27943 39215
14469 26724
47005 24417
19435 19863
1588 65678
54386 52941
24901 84015
88685 28299
40241 11773
86870 11743
47279 69394
68657 51057
3735 7078
69600 37667
9781 37529
81945 61175
63045 79211
22975 1640
72890 77200
92064 1331
16147 45997
26978 47710
56979 59910
70964 25596
19083 42362
45116 24401
22945 38829
51038 15881
3219 71509
77463 16008
68343 63975
32353 59451
3448 4087
65124 59355
13689 29714
13705 15816
56710 75962
39623 8527
18894 55837
25413 4888
5536 17729
66569 76242
55352 53686
42063 7223
67421 27332
53504 20884
19876 52411
43501 44896
11132 62401
83988 26493
65087 73030
51507 53657
81272 85528
54993 50766
56488 33776
16948 8087
83230 45756
66983 26496
37121 78270
39805 36285
51370 16874
91051 56853
38546 12514
12572 21418
19961 79776
258 7352
25254 22165
33786 5763
73727 44629
75525 6121
68393 61149
72738 76547
74465 9443
87947 5203
64676 59866
79657 48131
13176 86640
85541 46168
37276 43976
23809 75258
58820 74665
26156 59034
84880 65667
14339 66569
21275 3500
69162 78475
48892 53048
85060 19644
48032 70573
38791 42331
20885 47142
18629 70313
47517 79742
66466 84210
34655 24955
60258 70886
81640 16164
85553 34251
85091 55622
83092 22963
79960 59906
29062 80905
65693 50854
78060 85713
77100 7351
15454 3226
86070 74624
35850 86011
16930 54436
67563 34893
81178 39834
56666 78500
78930 67081
67802 29705
59554 26245
22498 31956
62208 29943
39755 65221
35405 2486
64480 15466
72815 48366
54790 58151
21891 42955
46954 57398
85138 18715
1042 74784
66863 28636
68863 71668
73720 78584
29160 26981
26918 41563
3791 57621
43784 76038
10033 9297
7678 38484
32577 58202
60543 28231
74247 9804
36912 55345
11680 15483
75028 18666
54166 21362
79866 29860
33452 76892
75440 44821
74571 57725
48911 39075
18592 28243
24138 15247
61901 26899
13016 83768
42774 52177
12374 48624
10203 29136
38764 21309
17050 14754
27321 62064
18977 27420
77326 38424
14301 22894
64781 31607
32179 53969
62715 19297
89275 27394
66554 39569
4132 19933
59144 80512
35256 41069
41170 37309
35570 82752
27597 40301
48238 76459
87776 13717
43374 54080
83217 82462
80425 67881
47523 55920
23770 26970
18302 55178
33832 82101
77768 76350
29844 35646
91350 41299
31039 47974
85914 16312
50155 15448
41025 16170
17338 39377
32203 10592
61804 71383
44978 25594
60645 677
73334 55461
11663 41445
65103 47929
50015 56460
14758 50352
2126 45880
89733 23123
46167 65230
38096 47121
32060 84530
60773 56452
33656 55981
55819 66396
46713 63687
85500 35286
25282 57268
71286 28827
45209 17521
82178 6878
16099 81738
15222 86695
30491 40428
27103 32230
24757 844
30716 37842
58733 82212
76347 43006
49734 52825
27872 73626
70895 71443
65221 50343
47320 33520
47229 51163
30616 59704
80213 55900
33675 86875
85603 42462
68477 56761
60102 22332
29880 10993
73029 30810
15173 55031
42330 58408
62404 65175
66148 8767
17381 16962
38339 37026
16143 59717
27169 80966
89596 46744
76189 7113
61443 6289
58611 43373
29226 19584
25847 29399
91475 4145
4611 68916
28555 5553
64853 72914
39851 55517
33109 56983
51015 77241
68065 145
75496 13613
94010 9301
67714 4882
93515 4129
75665 46024
10656 2663
38238 16750
94151 78583
57598 17953
42588 42960
74435 21126
57905 35969
53978 69224
63135 49755
16694 59379
59330 50614
17180 71046
83140 67315
67922 26619
48549 74714
64699 29606
84639 73961
77189 40341
41397 18494
21381 23718
79051 73676
55006 47574
74749 38115
64084 22585
82498 35247
72063 86201
84431 31463
35557 1724
72668 54789
50485 2188
12369 17290
17158 13781
346 7515
89282 27090
3939 84216
90707 61157
93796 30246
31980 30946
50670 59410
62227 39855
75221 85982
1115 72251
45735 7656
70573 68688
86735 52274
7907 74140
31879 53852
32556 57662
73528 78143
68613 49232
72443 55197
6778 79484
25190 72393
25983 14164
69999 21307
88525 58797
87062 70237
25054 25349
48396 3892
46163 72186
77894 13710
20368 46402
45567 33860
7520 76167
28738 75716
92272 10512
15630 21152
55777 43204
40875 58493
81924 1640
51419 18966
60393 18794
8155 4116
30275 54620
11956 4046
28637 8437
29787 10261
8019 4782
27013 72104
59816 7944
55288 42599
18990 17119
42440 58673
27231 32845
9891 70615
74623 54606
79050 25823
92232 86088
74613 85049
77965 31462
71951 15185
49839 75301
67348 43990
30204 79707
22496 4420
52932 45339
8410 36844
74666 6114
52746 38333
80856 28375
3034 8558
41670 36099
50841 8785
1220 31439
41654 74765
42152 84140
80733 22941
82212 34467
84867 12126
47552 4590
85059 80461
88553 10599
71201 71372
14304 28232
23898 19228
22115 62949
43858 57062
73699 61883
49859 33435
73072 76687
58310 35147
62259 79515
50403 66938
32529 85532
80680 78642
40899 20801
36944 46694
86992 41938
72150 12397
73292 48128
9933 13276
88121 27428
39541 25204
63685 54440
72085 37692
26409 62443
69691 40785
45661 79289
37052 22281
86453 69562
69417 27221
22974 13908
28559 40332
69910 781
9639 84757
82072 52594
74434 37293
31945 24194
68131 55384
62178 78526
47632 7841
12891 28020
67957 17576
10322 60466
39765 65880
19116 9729
29281 34435
29006 70221
84475 11002
46488 10143
83960 60035
79180 67705
4347 9210
40819 69890
949 59845
38997 44231
80265 37599
40447 27973
73394 71479
24064 16015
69704 41500
85631 48231
87193 16027
34184 47521
63128 78307
45195 58126
44199 66943
77441 74060
72813 68289
30527 18341
30891 84024
75433 81165
15430 32901
9976 36520
1207 20797
76939 71776
32267 48759
80376 33956
77242 44097
46430 82326
33964 4664
17532 55944
41062 53228
41164 81638
28017 68874
76446 31638
61648 62285
3822 5848
88122 66571
92688 27162
65906 58400
47997 14412
33757 82897
56059 105
74733 4802
15891 11472
76900 47800
54533 4470
59190 73997
52206 78799
90558 14431
53645 46215
27268 64183
27625 32290
58261 81334
52196 50939
23773 881
42503 84972
63491 45258
23780 29715
78503 16471
47739 17914
5218 53795
80099 20866
4733 72764
50803 65612
6716 27244
52759 58014
43215 59161
72710 14263
28768 40575
22092 10274
84158 17993
67590 40371
38314 31096
11588 84999
42477 52971
5074 10799
35835 42017
67018 6668
43823 73765
31750 56443
40044 29482
3864 75405
90083 72276
72525 60023
65173 75876
34815 1520
11592 14761
8508 24551
45325 22219
7273 46752
23770 32522
39871 66865
44247 7427
39202 62656
21682 24526
27076 7364
31842 66817
11170 81287
79771 47369
47885 6168
77872 65406
89629 71341
27149 68745
63675 49127
51264 55880
21327 81223
87794 64281
16133 37065
2380 70379
15126 64090
87604 31786
92679 17616
2614 59023
46657 19336
75003 2842
67033 10697
57989 60713
89464 73412
31816 62866
1156 20035
38712 45372
40515 12276
29667 46881
35989 60982
43589 35131
4224 30804
14525 84367
79667 13924
86093 2746
50978 44793
63923 20057
45607 73634
53571 21108
24408 49045
87710 66499
55469 65355
17394 1799
46477 2857
84677 47355
19931 30686
7182 21528
69719 14651
88581 32316
40226 45034
39235 23522
60038 83836
31549 56300
2425 12861
74714 9653
86500 15981
92419 15966
1869 44753
45010 22894
20059 73218
78039 68894
25908 37596
70928 18722
76392 60289
86526 12294
9604 43976
74706 86244
6280 25267
52505 71621
83754 3969
56001 44209
42972 81150
57509 80554
54758 82716
7314 27254
70716 60667
48678 38295
92583 46712
54643 60822
73361 84527
69874 1276
5506 4299
43927 14524
10100 53001
67460 9570
55679 25955
7958 85039
44697 6781
56330 55346
67240 74675
64340 15767
84608 84955
44484 22063
54837 49550
59141 10877
22740 19173
5807 3310
26964 67525
52674 7800
36039 53800
36525 21176
59596 27221
78885 24940
33765 19162
27414 48230
78549 76523
43886 8701
23633 23307
75421 42350
67006 32127
15922 55209
77345 72968
30098 41806
48875 79878
29251 51581
71025 51751
29266 75916
36954 12881
92432 44507
79459 27018
55858 82470
45803 62007
57929 4698
68163 7757
94173 7837
59346 58532
88789 54111
21802 80404
59433 10644
20026 18556
72624 4415
67577 32613
90636 40709
76300 24462
47861 17911
39726 85521
32767 50749
633 28531
14019 21295
30053 9686
93521 82982
62423 83791
86644 82337
66705 58285
22263 48185
17028 2527
28828 80309
38273 6966
39370 81426
13535 14313
7107 49139
32782 62810
9513 71846
83536 83437
91166 70812
78072 59032
41911 1017
13875 16728
2841 17875
46484 54513
53677 2308
69568 54798
14088 35506
33826 24015
42256 27482
67870 81500
30033 30811
2820 31709
40196 77246
41552 37153
81117 11872
2478 22369
39293 76160
82429 67169
40227 76490
24471 11670
79494 35649
40872 60007
4882 23322
27625 17218
26135 28611
70200 4396
19461 8012
54287 85055
76737 5050
20028 48066
83808 8424
34224 36477
88379 70765
23559 73647
50823 25008
23274 5621
51565 80474
53161 51841
75765 82173
37271 59681
40800 80884
49310 18019
35980 79516
75579 30819
57580 26667
69004 72763
18724 79498
91107 18795
16961 5726
28399 17830
40518 85904
82675 49997
10118 84471
18602 55235
72621 12929
15188 31944
23563 29096
58227 36482
8252 19324
72812 63709
52216 76969
70526 58794
77577 27087
13639 3334
15138 75622
22244 62334
20218 76162
72324 71418
4844 3575
67894 4037
29924 15235
25697 76933
38131 7568
70874 31452
17306 47518
28343 46631
84383 73588
38398 43402
28196 50580
64504 47734
6593 18149
93094 77954
79826 29201
87359 56086
84373 1256
86392 70658
85006 63978
79875 20392
22727 68753
16063 63846
67209 3176
15803 82678
45140 24174
27105 65753
20929 25257
65580 3596
20236 6390
42782 63913
33587 39431
92425 68822
87305 86722
54006 86469
7734 7165
55972 30134
46665 25555
2453 45333
9425 31283
56692 6387
69441 45357
15257 45541
39339 8795
79987 4675
75521 49677
68076 50468
88425 76051
64203 69263
70700 6138
5252 51714
4832 71594
18388 63448
74850 19284
23074 60605
67325 43665
30787 54374
41207 72521
14340 13261
92747 61222
77776 73284
73185 52856
46695 62827
64513 8080
7120 57079
92768 12770
52970 61580
52586 29833
67764 65838
6376 9448
72704 35318
3978 49486
45013 16426
63613 37527
38962 80090
26111 25032
23353 72420
85966 68257
62693 19352
64675 39874
24301 51952
76029 50437
28735 14076
55502 86040
16194 66616
1962 77755
2892 48751
33045 29123
59604 68110
93097 9389
85139 41083
60387 31889
87985 5059
13356 51780
81267 28401
72040 73920
50935 10223
73574 82011
35147 84009
4082 10759
74690 64649
91179 52740
27336 60965
76999 33728
91543 74850
11411 83457
15531 76616
62319 60393
57197 4401
12613 68576
31956 57218
84096 49791
2787 14754
62667 82132
45239 65239
42290 49174
38661 70833
92345 32886
65839 53649
61394 3217
87319 49457
68734 31885
19053 4873
34241 52221
46336 68235
37099 25566
2772 11516
37279 18346
68498 52071
69619 6465
24740 39586
54266 4683
74060 80261
43658 17783
13834 84210
18313 73473
50086 76668
74584 56519
25493 74660
58751 63555
70284 7258
33998 84849
30726 32245
24560 36929
75634 43785
14636 49937
25861 75632
88293 34444
60125 60744
80862 19378
47439 80292
47724 43424
7186 56855
19440 22754
59374 84840
5013 42059
66287 61747
52487 34766
51780 30071
15648 57599
52682 24978
90257 84037
64884 31546
47522 575
28331 67857
88187 83510
86438 20514
4002 84552
21599 28429
87989 27872
10427 63372
44443 11534
69535 86912
49551 55931
64508 22227
34074 43335
11052 19980
6934 64011
32037 22058
67578 18781
84808 79951
2129 15789
83901 38998
15490 8735
35418 70494
32183 57701
84494 82297
59309 55165
3660 56773
55381 73817
31072 44573
78592 34161
88659 39202
50839 35049
25889 63190
41506 50477
51734 14742
67349 76558
10224 78548
38926 37236
70302 62161
53217 77778
15472 27908
70969 12186
39520 19848
11011 27383
15755 65398
8818 62727
48077 17944
54494 39135
71663 7296
30885 12306
14631 10125
60124 23487
63874 73088
45798 44865
7159 24554
57454 47023
72524 8658
24085 32920
59323 78734
38631 15744
50782 31038
17064 3629
39366 54914
64853 83858
40117 72368
84359 51381
47824 77063
53489 38072
89060 65826
47979 65975
41419 31119
36359 20712
54524 41762
48929 43779
85597 63922
41378 84504
42371 28422
74034 65923
243 6472
8017 15290
73419 80225
47680 71509
92147 20880
37610 50299
36584 42254
18044 52732
10957 14159
93049 3471
82593 32934
39827 24352
83689 44463
83266 598
35036 72925
54067 12770
46031 78913
50999 18113
47004 4963
47043 29674
50146 37656
59139 75161
74291 25204
84577 74475
31486 3459
19904 21635
49980 36759
43038 14843
91000 60798
73343 36451
76969 19678
1525 85608
93801 59797
70224 75245
30063 80904
84347 44850
21369 10960
71495 64865
87121 46382
20637 52987
93718 81516
20860 76540
2879 21200
30214 44353
15011 28250
9062 43042
82701 23188
4341 50012
84227 19528
63575 74933
43551 20449
27057 49072
24461 34389
50668 24414
65647 33237
293 24206
89177 59098
38576 43385
85125 52745
77831 68897
65316 7918
54991 172
93051 13394
85957 22846
54680 15964
38952 12679
23323 2680
93013 27840
11287 47532
28409 37847
71469 28362
85841 10232
13141 81168
1826 63497
64309 69754
49868 4604
44113 38667
79184 26532
43594 72175
52742 52055
85808 22461
40576 39696
79212 37534
34467 73987
61277 26006
82579 70083
23167 18425
22255 54970
84945 66247
79641 45284
85709 7575
21635 23771
87593 43806
56737 23714
10570 68524
76407 45019
78377 75163
1700 19984
48105 82008
50262 27012
60975 58607
27724 5161
21704 62741
58099 51414
5492 19015
77611 32432
36810 38810
16383 76415
51313 50464
53890 48045
37349 12472
87734 8317
66096 26137
54010 35218
50440 4058
5453 69585
77773 42140
88727 13057
33848 7931
78894 24698
801 83740
71394 4024
7626 65561
509 35302
2806 86169
3661 79756
2122 24800
23649 23441
54721 64733
71675 46711
79749 68065
64642 85439
48176 51449
44818 73629
66823 86608
36975 36257
70657 20207
54433 27640
88400 79845
57122 25454
47139 57282
8061 36391
30120 43527
34904 1162
93391 43425
50285 7149
29616 69381
49996 35841
23466 14276
34895 53654
46168 84216
24173 5042
24748 20572
13784 41045
51097 84181
85347 74771
30852 34589
76040 2898
1083 18609
49065 15236
35457 19428
28607 11385
57704 5967
71742 37683
73169 560
42482 40129
59910 65224
60503 32993
63825 32902
14374 71193
6190 14964
71617 38597
25194 16395
78004 44642
33506 5160
31800 64129
85569 11515
82685 29216
48866 69879
49754 58212
35756 52894
51419 72647
68296 23886
36414 22160
70435 64364
73637 29900
11248 62576
85197 15814
55132 86939
80201 43182
60794 39983
23172 35461
84020 71430
30747 54082
79819 18805
89894 86349
76009 28042
22687 86659
79609 67064
75670 4810
10609 57036
55328 51952
69671 282
90882 70232
70766 65850
15390 24370
5334 81814
62977 67081
18200 19119
22814 4083
83442 82694
39756 27904
31366 67522
77141 24178
16245 3543
15638 1000
25815 80518
36977 30691
53378 34045
72914 52398
76261 48703
46803 57647
56458 10300
4306 73488
70528 60110
5768 50248
1783 13540
76916 16612
71883 747
14738 75768
8949 54678
31492 1422
75717 41078
55761 83625
18806 67213
32865 23780
30131 30979
14985 79449
2524 41192
4317 40088
64638 46195
55688 13668
9664 82159
11187 1050
1088 30301
64027 29242
81526 52759
2082 7428
9218 10983
19974 25610
50989 47402
73644 45916
69380 59683
6781 29176
20059 12307
2561 60807
18336 62713
26802 84104
74437 42530
23642 81831
54049 21265
71712 33541
5496 68540
32155 74739
72695 86706
92638 71956
7634 1887
86082 6855
48699 82310
57324 46979
63112 6079
51302 15601
86344 10967
68294 86568
49982 41142
63562 66391
46346 74880
65653 58375
36613 32115
91884 57316
12766 29593
45108 41795
10048 726
80368 72078
50290 19532
84327 66365
28530 64180
54212 44200
522 10797
93464 49979
49058 40530
88221 46647
87651 46161
8234 64015
65180 11087
34586 61602
49893 62083
55020 54168
44530 52663
28399 25389
33919 61406
35584 58808
60657 38189
53463 74936
61827 66241
9874 19221
69654 36364
82418 74059
92537 47070
1912 31743
86324 18385
59842 69218
80839 69519
44987 39136
91269 86435
66701 23532
23180 81155
63855 46874
88449 35406
69296 47091
6229 2870
86210 76443
42844 68006
14052 44432
87211 77267
67655 54205
24743 36622
18686 65706
2611 28998
42610 64989
93089 11747
12321 55386
23377 35494
83389 50632
55775 5013
29657 9120
5422 63675
35937 65640
41555 7646
42210 83075
43795 16811
26396 36307
90854 83709
55674 55953
56263 71662
60325 83315
78061 46635
80104 4051
91818 77661
3652 25253
85836 32025
61120 4819
35370 78084
54848 27127
93564 65148
24915 60943
31744 66627
641 949
94009 75542
34976 85661
87887 44174
38193 17773
88081 15366
910 43331
42905 34864
22686 47556
25001 46118
35340 72113
66920 46783
26356 3752
3206 6354
30451 5745
17491 82461
3315 25758
82622 3799
51154 85983
89087 17587
1068 24201
69065 25776
64920 70549
59978 48593
68365 16186
18206 48230
43000 54153
50366 6404
56171 65752
35896 3946
81976 17722
52413 76513
25000 23384
43384 35462
38138 48400
66185 38177
42229 27607
53564 70714
13264 34815
51938 57972
26087 75451
6712 8837
42886 71722
69994 47132
92771 20093
2271 37466
81713 81698
30499 28729
88368 67403
85924 21808
91960 47687
72370 26224
55022 61757
76502 56661
83485 57893
71053 16935
14876 28239
46985 40820
33258 29421
64983 67125
21827 61260
29233 63065
19932 82974
53366 59048
66907 84793
11550 75283
13726 21233
81437 24132
50496 29862
22252 64123
31324 53014
53625 33596
51583 29731
82794 38484
85149 47751
55710 46053
72184 22835
59866 74468
6119 27334
84742 8670
59057 34590
9454 29734
86671 14915
93538 34907
50669 13380
8288 45233
50662 50385
52354 64940
53275 11784
82720 72265
89422 68400
37763 64269
36740 8201
83898 44092
73206 55754
4495 79769
42 12469
16431 47222
85776 31422
74200 26928
92276 21912
84652 12602
77285 62230
88182 76806
14200 12581
91160 83355
13137 46646
55888 19851
37275 76966
41948 83041
83684 8632
93827 49012
64568 39483
75358 19641
32978 67397
74449 75197
61205 11719
19635 84790
28702 12178
49456 51470
11543 40573
78125 74850
76811 12709
59855 49028
8214 37916
17645 74356
12169 9121
88872 16562
37508 18885
79076 58931
27392 10060
92557 45776
5619 27580
75397 17517
14982 25928
4564 60004
89872 36242
51320 86394
5294 1341
20112 77505
50083 47371
17284 21615
48745 43989
85574 60273
87780 25937
32291 41639
48788 25177
31387 12085
16831 248
3051 21634
86906 54634
53569 18617
79950 937
44191 70537
30502 52759
29177 57369
90713 79482
81503 39819
69033 15704
74346 3108
42147 34536
64838 7482
31922 57851
9322 34637
63295 50339
47527 86230
17612 15342
26041 18706
68317 40912
92576 69111
30925 10897
8950 82094
80917 73116
14251 45876
93411 45435
63064 22894
28983 77189
86957 26867
43575 46582
2982 53466
29921 68101
91326 16842
83447 19145
82703 27220
52465 86498
82252 13902
64769 75072
11989 43268
43000 36424
46666 24030
38823 21886
41209 75179
47086 35171
56888 25643
30109 73987
70490 50732
56715 8072
55057 46718
52857 54546
8687 2112
58098 68756
41191 56789
88117 54755
8065 34160
46878 45226
86944 62159
20141 74257
88581 79598
32735 25514
61656 1801
60824 80835
67224 77300
70672 29845
90048 24657
5938 63189
31451 57434
87493 15736
60082 11429
75967 49506
69178 39099
86590 39366
72333 51745
93055 1669
3102 15817
18838 14571
27149 82342
82866 55750
67429 79142
30288 43803
35209 55235
84335 67191
70053 78800
75073 54229
41427 72459
72020 31803
68647 71682
83000 16893
74784 65517
78046 32351
22380 49233
11549 12008
21283 2245
37870 10384
29999 36848
78834 17183
238 18583
10498 21522
67770 62063
19250 84816
76220 45860
6203 12646
57786 71031
38457 1283
27070 80826
59059 70175
85079 65353
42580 72117
79954 79718
20862 53792
4218 36834
8000 45439
65187 67228
92555 51158
36549 29450
48298 65937
25456 75297
7247 75715
8150 69278
54147 69682
84621 21061
78691 7194
60602 66562
37205 7055
89747 7357
73573 77148
40036 1579
90776 26541
52795 35917
65845 52421
39145 71068
73287 34658
1671 37171
91850 47242
9676 3028
42154 58332
94079 45965
16036 80971
87931 28676
46170 78171
78527 73117
68823 46500
11229 38827
82249 78560
75924 13376
21607 45956
75377 70320
7972 47037
67419 61204
65834 68939
16576 33746
72271 6973
11883 75995
52948 78156
42875 35119
38938 31315
74298 15038
70487 71841
61218 52840
8718 21897
65990 61110
57936 64902
30560 61755
43050 30159
22616 61810
69061 63611
56382 70289
56987 43310
67698 8689
65482 53468
33162 77325
26406 83622
41529 70489
25360 73812
31424 18210
15763 23384
42225 55882
77785 54615
40475 24870
16253 37280
13237 85885
637 67366
39593 40403
51158 32485
2061 8724
22523 42735
59804 43
1050 4233
80445 85404
83467 60553
84706 72881
54733 55039
9085 15490
8768 49763
18264 30717
60584 49714
87414 34262
41244 57913
87731 20062
70764 16622
77002 12061
23853 21406
19332 35330
12475 19918
54056 14380
91541 31692
87818 30979
69568 61530
2094 37087
35041 55518
22640 329
79647 80000
62604 32135
86933 21245
68582 72048
87887 66663
24201 51700
4211 41595
53018 30404
61731 41554
57632 2685
38951 27263
55421 5910
24034 67561
86937 14099
91246 40145
81136 49590
91282 51065
64401 26067
53220 45955
8742 41001
2543 64529
7414 5043
75024 56703
56486 34537
82997 27028
31488 45888
31865 54169
60559 1170
74112 80811
83111 59188
72223 50266
73718 55278
80822 84806
81940 63929
39232 33490
91932 66489
3977 82284
45890 40017
29651 59475
40932 73441
69745 3851
49117 61389
90180 27022
41410 50482
35513 65878
28171 83358
91403 9749
29480 22575
60496 48906
957 60052
36078 83788
53348 25500
69019 83667
19575 61287
17533 69218
51121 71579
10743 20344
38724 72638
89702 26572
89720 15286
42028 85129
21850 32812
53939 36615
92062 32404
42113 47948
86781 15413
8230 68197
53292 79247
78192 68862
82580 60691
24018 7399
28944 18538
48092 32485
28819 65589
81989 33166
11866 46274
87542 29430
53705 3054
8710 65596
19105 11635
75205 85311
21739 77718
1683 3973
36018 40024
27965 44986
30770 10403
31382 45745
62343 67741
37492 39330
69718 49907
69848 15087
77407 38631
92403 19899
12958 58022
91081 24794
83133 76351
49683 17480
53819 1041
50581 19380
67408 73026
61273 39283
87271 6044
63086 5502
62392 25681
68499 60252
46018 43793
79134 30807
72871 21987
91148 19441
81856 77748
73955 71287
90530 444
89311 75216
40382 83907
79715 14586
60800 81040
85148 44003
55396 44511
66582 72943
12950 48021
89338 60129
5035 70088
41372 21938
89460 16629
78020 82203
55615 52045
19651 40055
26298 34746
12099 45950
42669 16419
89875 79089
19224 49394
37035 21141
85889 52268
86695 75691
93588 30840
77196 42741
15291 63974
16120 62501
25619 70445
46323 64079
65585 66010
76726 10255
26240 28220
92713 24741
66653 33983
85242 40589
68823 85144
23221 46583
59379 19305
64708 11239
52649 48402
65135 41685
51638 54558
44316 70632
65283 76321
59966 35301
87113 9527
45926 77600
69798 8144
62017 34993
16431 25192
24681 38148
7415 33259
76725 40657
20479 78230
54294 85473
28733 26741
88903 1201
51289 24744
29574 8361
72871 21556
22168 63835
78008 40649
25266 64463
33312 62906
49986 37328
19757 64992
63278 67677
29420 43964
52944 49218
9533 41998
56597 25553
23108 16512
62387 28938
45633 71721
1812 16915
65479 10703
74 38094
51967 28229
46183 35885
22881 62827
27937 29475
1263 43143
61636 60761
23899 25416
86560 52731
91464 36644
79941 64322
89314 22683
79133 42243
83333 34163
26420 72016
71872 60167
84168 41468
65860 59337
68749 76931
85056 3037
56818 76931
40357 73075
52784 32246
44154 62691
37513 36099
84115 48825
39537 14008
77545 14764
62050 5488
59256 3422
41536 37038
62773 45034
895 72201
78069 58310
57560 63006
74511 52461
93452 79471
76162 33055
72659 18357
54832 18240
77497 69538
25516 80351
83147 32451
35423 61938
48386 86147
59231 69939
81737 80006
78973 32755
2110 30775
85418 33495
56602 39400
81962 71435
14404 48125
49746 46822
23542 31700
92697 48938
4279 38148
75528 54615
5785 60760
42226 67712
50043 41092
13064 16449
11410 46008
35142 8100
85760 28364
26650 83036
60101 29605
62551 7298
19783 2045
36057 85212
36859 48565
91051 12407
89202 86236
24072 42830
3608 58405
6693 34735
71022 16731
34358 28690
8259 77608
93365 71810
56497 51798
40876 62498
55100 15782
91840 30425
66961 45889
65090 1018
89736 12627
16242 72994
15059 78368
68442 50457
59846 29051
14920 8200
20217 7212
55890 33938
690 72592
20862 17463
78912 49769
77450 15806
1745 12083
89644 7076
51721 9660
85951 23837
82854 27546
81253 35496
2022 34416
87476 27857
11233 50965
46156 67731
89924 22798
41056 27753
36475 38474
6399 31672
27439 3710
34743 63420
17449 77408
25673 84204
45698 65334
30988 47816
19705 4935
681 52717
14093 79327
32641 84107
57598 114
78859 77285
76385 75886
54305 70552
34708 42627
31902 1277
83281 22003
88970 34477
25659 17283
66378 54963
47102 85998
80907 73993
40287 26993
78951 638
65052 59649
21899 20109
81287 20307
84838 68432
43771 23929
13287 34206
80224 45342
80957 18407
14239 3295
62348 27634
90558 85023
20970 60332
57679 49334
21655 30719
31982 39026
71060 41015
1595 72824
71068 18815
19282 22765
79245 76891
40329 66660
44139 30882
36028 28863
84346 29705
66766 58234
17385 1311
78781 3387
31433 85360
45959 82009
52881 24184
10542 33023
45563 48571
63723 43038
62375 72033
36002 37080
81996 53232
65556 25729
93740 3968
65163 54839
4957 65626
83065 46647
32555 42038
29892 32336
93020 21308
2785 74562
41019 67169
2267 65899
87096 73165
66778 60342
84371 77181
10094 5681
6806 4220
16314 16047
36324 80850
56309 80855
92151 28335
3758 9706
9291 53763
16420 1061
90466 77
63001 74805
8617 69510
44939 34031
73344 4138
21909 33789
39358 41534
10766 48319
63096 29889
65840 49356
77043 20483
6518 85232
63128 79354
12153 26671
6921 1606
9805 6446
28062 47474
42298 38106
20349 86619
11897 64097
36035 39191
57078 34540
53454 26524
80716 39504
88940 62651
714 12443
56006 63718
61184 26212
20933 69661
18768 34634
26504 68734
90743 31607
27223 44563
91797 23942
60036 27897
7838 41828
32279 84649
33573 12151
15404 2328
26075 15142
66206 17673
72571 679
8880 59234
74360 63362
37669 78976
73890 76036
7866 9996
43652 10801
17466 75964
86004 76044
85323 65370
93754 13960
35790 82155
84407 83500
2156 48751
5844 23156
10395 52658
85090 53132
73260 51177
24863 36960
7510 27588
51956 27045
60383 25738
437 63268
83940 11018
68943 21065
82096 49311
7279 8830
28181 20806
41152 53802
55079 55176
5174 52280
69137 43831
3217 35986
62215 81802
82632 81558
15332 29340
33464 40185
4570 32891
18507 56272
22875 6827
3307 15389
7949 27984
30258 35323
42085 50666
27700 11007
76484 49627
82652 58654
55102 30160
45319 11264
1916 51200
6433 70961
757 9014
73986 54737
57751 16335
14775 44112
12115 63280
23843 9301
13533 47291
25586 39423
37225 84319
29097 10447
11678 49697
64995 74116
72322 73742
85776 49984
92336 61131
42989 71398
18131 45
27637 38581
76986 11749
15259 16412
67308 10988
89181 58707
88230 2152
67775 8098
58186 63533
42074 56035
74807 32507
25614 38560
23392 44031
67516 24458
1969 51948
64967 43906
87645 12386
44866 1200
64308 47087
89559 72531
6294 43074
32411 32942
91559 16586
63488 34348
32687 56831
71278 83939
14461 85096
8646 73152
35145 40327
59535 13398
30140 4578
82957 14498
4568 74181
82729 57995
83792 8596
46174 22534
33964 58001
58174 6035
86247 45430
81399 4121
61389 57296
84452 65948
19681 30144
59401 12494
6901 60580
68442 37236
33042 39023
52521 23246
55082 55535
48954 53161
15409 70526
11853 7304
58212 3704
74493 11933
51470 71364
44137 26039
78631 48993
8338 61608
33530 8264
61109 63989
15009 24571
38333 27046
80841 6373
7837 34298
17913 45048
17986 53348
33798 31723
22009 39909
35938 85035
87092 76148
57985 904
3893 70863
74947 68776
12721 72327
70987 30060
66439 47979
82857 36599
88458 10218
43915 74725
89933 14115
65200 16599
76348 86524
23927 21131
40325 72903
3325 9165
13512 1673
77321 19411
16420 42545
67518 53821
62276 55950
6717 64938
69189 64558
60774 18661
79098 49116
43341 64917
61846 14092
10630 82399
62729 60528
84729 47350
3347 11740
8955 30216
80925 46320
57391 56534
50783 77622
57843 4518
70284 44074
13130 47317
32006 25653
60460 54122
78464 21711
49492 30866
36876 15243
57354 86804
88697 41485
4762 78646
36040 28940
72555 3012
34708 72870
85026 20583
32197 68704
28618 18242
92532 41898
93529 51470
59126 35487
45156 46659
21375 62037
74461 14071
50486 13183
86979 76537
86434 18904
48140 76119
55818 21160
9350 81995
34501 65984
20371 43249
69978 37370
36805 35790
20370 60331
77211 19486
80493 53920
10036 71006
17116 83828
836 79705
29107 10115
4151 81614
45255 18519
38214 55798
50606 69254
15440 12256
45038 47129
57690 57761
41622 45851
21735 45975
3844 18689
62180 78276
52268 19134
61900 47064
66234 53829
47492 7970
93849 78315
37214 49960
294 26242
89664 51036
67458 50287
62722 86660
68242 41678
83548 82299
53156 23061
82149 46756
8713 17764
38220 70687
90479 36179
75160 1172
65370 29034
76115 13381
43258 13839
7446 29979
50819 63795
38620 9457
32761 8540
13326 69615
72985 29244
50960 9621
35938 66827
42082 59502
43810 65772
37870 62862
83148 2642
19874 58418
88666 35690
35009 48709
80088 37071
69468 42176
15847 75516
24979 82981
54387 3060
83199 16375
61623 45964
40152 47271
46019 29796
5939 71948
19530 11722
38753 55629
86290 62937
85906 48524
43239 73511
605 59523
45228 51160
9396 4251
88711 29503
57131 69209
15674 53371
21724 28819
8813 80553
74112 5087
62810 44579
61016 48030
85100 69134
47848 56365
39380 83829
84286 42542
23436 35027
82239 2415
43509 30718
37031 75249
26872 22004
43754 1509
53664 84867
10049 80108
18839 22421
90588 48978
67121 78522
69674 60242
8821 76419
53216 68378
17177 5698
64709 27806
42257 86279
12981 69281
6877 8458
22240 6909
33681 55096
839 21870
2445 14395
56713 73711
61067 53159
13574 9863
60355 69777
87620 35946
46009 48878
26013 46267
33327 4694
50690 62437
91547 59986
46702 55095
62273 4977
23187 4235
13120 73020
7804 80388
82383 50808
68240 81263
25993 76956
66868 33007
83466 83806
25128 82612
46522 7267
49375 34019
34079 18241
41731 63216
93989 57387
49714 47851
31492 36623
78461 74572
76150 78130
34597 85232
26012 78203
54753 71816
72604 42493
38942 12864
32632 81837
52511 65826
55156 2289
92382 44744
91788 43133
54995 33434
26783 16354
47742 69442
20088 14558
38933 24538
17666 76280
23453 64135
90939 5880
4553 85655
6957 18004
85038 59262
30701 85684
40058 43169
20907 65902
10644 14121
44488 63565
21686 53519
7618 51365
36590 53787
70332 28336
32293 61465
68676 81222
41406 11864
42856 58196
76678 20476
3778 22321
85103 2840
84105 12978
34828 62107
46898 50662
56356 12245
43428 42731
41549 5915
78017 50952
48305 33949
47336 566
92673 73912
46585 10202
94196 65712
86621 21521
90638 41532
25132 47589
91628 19255
8926 5696
50068 16710
17447 39727
81304 27681
32825 67548
92833 61266
17137 2830
15694 65119
9510 39913
47640 17907
91727 40294
38564 83335
77730 72601
3592 54970
76923 79050
18726 67536
72878 29602
64774 46980
41701 44297
51538 65905
66213 14200
27218 42485
32282 18816
9963 31769
58854 47479
38400 83276
37827 12296
64365 60317
71125 69199
62681 41245
6710 37610
14898 50365
76564 65741
10818 63569
897 4588
31147 79837
25111 70599
23662 81881
2105 54247
78137 47712
80032 5043
91436 74326
32319 9525
19853 48160
66135 11441
20228 66582
52184 70525
87697 37996
7646 54097
34367 21444
72169 86863
26149 73272
68104 57501
82362 17282
3753 36849
54427 41180
29569 51604
60384 4334
31198 81515
24124 6895
52146 43798
57366 37264
48547 38796
38459 7098
73380 46639
40212 9663
38910 68170
78013 3056
7590 53624
54982 40395
55161 35584
32105 29889
2111 5693
68891 47233
89395 56167
68094 44244
35523 4839
38662 67636
29368 38989
11486 41659
12895 54298
32808 10622
60810 45489
50826 60200
22134 18746
20978 8131
92556 10424
92814 36589
34030 43729
81047 70
3963 59709
85892 46474
79562 83871
63546 65683
31989 26152
68291 6571
23804 74448
28169 19215
6702 37604
93732 33696
40451 15126
24684 40250
20849 2326
9953 28440
72991 53467
36672 71865
88809 4981
65916 7426
54844 22126
78305 58863
52661 51349
39364 43536
67980 67612
26133 24047
29148 53481
13919 22633
73748 45540
2123 29560
30325 67833
11544 686
51409 47388
50175 74400
15281 68623
86383 67481
58960 33488
81730 53033
54629 35343
61144 50105
75383 73652
91696 28316
33436 40441
82862 46952
75532 79798
53940 82724
93711 39329
33366 23166
9654 65764
44023 1950
16288 24438
1859 71888
76840 55033
36538 33827
80608 52136
53467 2937
26733 9048
5364 85155
52594 69551
26767 55096
16304 80551
82390 3584
18238 50493
1555 55745
75751 7572
68705 28385
78569 67004
85880 26169
87076 2955
76847 52172
24370 98
62982 13741
66688 31020
19735 5158
75904 57264
73278 66197
11262 62627
73105 82451
24448 9323
78243 19470
84131 20293
24134 18580
41787 71405
51317 59954
79380 54375
56309 60127
57149 46148
58655 67892
4812 27343
75451 19884
81463 49915
42135 80940
12371 54706
29343 80786
51615 54306
58371 31255
81362 43324
43621 66747
35923 37398
70142 8484
68015 73619
28179 71287
48414 26476
70521 80206
6872 10241
19996 34431
11630 22812
79300 16674
20192 62754
15894 60593
13128 25485
63680 36004
76515 47153
7806 65615
72519 22740
34469 11810
11424 78609
28577 61348
73053 80358
39781 28771
10386 34199
93809 56470
33277 30814
7270 13897
24479 66182
29709 67181
11295 20082
8501 38291
91098 53111
27348 42652
11962 41113
56457 59693
66141 79766
23257 82407
86155 59509
25998 30922
69776 61331
26727 75946
15652 54456
30041 43042
52171 57667
80400 31482
68145 45079
84850 85788
62969 28212
47726 15419
28350 36284
47539 23912
70068 2788
58239 18026
29842 36277
43768 12375
61679 36514
23942 18835
21949 60200
29840 6143
28554 48420
34325 2473
71577 34665
65238 60913
41856 79325
71160 18177
221 46868
56580 83612
69809 53764
91470 82779
22760 12577
58947 23222
17286 86573
9732 19458
6751 74221
89070 7354
85303 7305
88016 32192
85031 22726
37100 72830
16530 83999
91593 33869
37313 5800
60593 86428
88468 26306
31678 25382
76968 66864
89750 77101
93443 61057
36006 57234
25588 86237
41481 56113
82241 38541
1709 69972
42992 2640
72608 57874
21480 4881
35188 37024
12446 53814
1053 24313
47253 83816
42731 49776
50065 85984
86937 57747
71230 34927
79065 12793
19308 16520
40536 35680
55434 66384
43667 82409
92804 83603
58553 69026
15952 29606
18166 46849
3018 72100
62770 54646
63635 12605
27042 41854
65128 26915
56516 30272
78039 34193
63367 68339
2199 14856
23505 84256
83269 42416
42736 57030
84932 85485
70221 69783
53374 62181
1680 62915
86573 48093
70774 60615
54350 44212
72470 3472
51066 18723
2249 78331
80756 2758
30900 25084
73128 85163
53468 16813
25321 78148
33853 43103
54888 10980
85807 14754
93518 11537
35758 7565
77663 77510
23989 77816
77807 29995
13469 58948
68834 46846
55691 67720
33384 11549
24847 85984
93011 19834
15491 16568
3909 9271
21480 49124
67456 71279
66533 49531
935 85008
71315 41624
45995 46245
24792 1735
83510 60702
55468 35151
38929 13008
43105 75005
74985 75768
45952 111
91510 60359
727 42604
28972 24919
77484 41564
17933 16266
46174 7873
52683 10133
12187 20757
29402 75151
1701 56388
62864 68206
80234 84760
4917 32499
27551 56074
74035 31191
24540 80085
77063 39111
78471 49701
29360 6380
36375 55419
54637 16061
82412 31466
26286 82857
78117 2214
21972 68703
41176 34600
24937 19269
46395 53216
44857 69736
89446 21426
45420 76889
57929 80805
73088 23415
69219 9088
16303 61196
10517 12399
49091 5779
21983 50656
39547 86251
1676 7795
50516 78215
80732 67328
31403 8764
26263 55561
17993 10264
87293 72169
33331 58960
84056 42317
71958 21237
26556 12793
56206 74345
67234 55070
12008 55360
92310 55459
37290 25124
45239 33468
659 4727
29182 5037
81113 80359
71691 64043
41523 8965
22232 10339
77675 75204
50407 71746
53183 27039
41995 16165
55897 10430
72402 1000
51777 25027
34071 43759
88822 46587
69384 26285
10666 42578
11264 46117
74306 52888
36097 77292
67480 76180
58929 65748
29581 76563
90761 26523
13483 12298
82167 528
36317 3701
5923 27345
18310 13053
21055 9674
13063 57945
55708 65170
69506 23860
55336 17639
22428 2842
91039 29779
7972 32544
52367 17696
59793 79827
40814 21760
47850 33255
76487 30029
42795 26946
88737 47882
42178 44165
93768 51196
40388 20466
46518 12959
57364 2649
80732 25014
10915 21812
4684 29333
47261 33634
10667 78126
28491 68934
62559 70790
38784 68456
84257 41344
74408 16218
28861 27414
74898 16801
9531 6124
31917 39564
39098 65069
94204 9781
67873 57130
68574 82664
75713 13198
39787 8897
85942 42240
86253 58205
25636 13501
15302 40038
65775 54611
73597 46933
32965 8267
55493 39000
54964 19813
10583 79854
28950 73606
44232 44964
6678 16007
5602 77665
51939 31071
1537 8282
34344 22753
9632 30593
77719 2169
73701 33799
36036 54829
57306 7532
75277 60376
48781 26516
77518 59012
23283 13914
18399 16075
46083 52769
75957 38510
49247 35859
43149 83252
31148 80335
78238 50841
28630 14886
90371 29403
57055 41042
16213 28865
58654 65956
33402 40722
22359 49829
15491 35930
26843 70384
3565 26194
25240 77592
40459 15923
54380 85
91803 41066
43655 70951
27332 78878
36498 48660
90468 31585
54244 58520
86439 10273
36250 64529
75966 84350
54863 54378
73558 52819
212 14562
73658 6469
21997 6461
92315 8429
89616 10666
40176 1704
80982 66093
18859 31712
64395 75833
87993 13649
7833 84890
45197 58024
29719 60655
71173 83699
67073 38010
90501 68632
86672 66993
18676 82449
63999 8294
64245 40165
83631 47309
28942 20265
60369 76998
74493 35374
72021 86373
70400 41503
34985 63942
58765 60327
26720 66256
69808 67784
7807 68359
59423 50394
55187 4607
77816 15208
51935 34720
17869 16432
20812 48731
65862 82588
4099 15756
90628 79265
79338 8225
41702 14540
1877 11150
79129 50555
39995 41985
8923 20729
72525 33156
86007 33158
48849 76450
48295 56979
12470 13645
11454 10904
80433 73693
87323 21945
86512 60613
63812 44933
17421 75430
45786 41804
44487 40203
39506 14045
71207 82637
1145 44224
69606 15293
33655 69863
94093 6832
2536 70137
91479 57531
18463 62905
93046 69816
83850 82370
21849 54787
44471 58021
66254 80915
15636 31003
1849 85833
74156 50081
38445 1498
82075 19714
11689 8630
10872 1676
81606 1994
11513 356
53947 48903
67659 477
22432 35372
11013 66529
7210 2124
10229 18588
75045 5540
13657 62147
45853 30116
91798 82720
20229 60607
72297 30551
10061 22921
43081 25290
29324 82617
17778 52564
78788 77854
47487 7163
590 19175
85424 75790
57504 17180
5868 60846
81664 14888
34641 34538
51753 23556
50554 37069
73348 78095
90123 13818
181 61871
89573 38235
61329 71580
76747 50707
91235 54229
58885 35792
57817 3632
10452 83974
93129 57191
75612 22023
10263 52349
82 3095
17998 83108
8876 57906
32322 56570
9357 50332
26767 16265
20242 28519
45887 85723
67419 34376
14772 23132
37200 1160
25827 21902
72213 10582
8524 66213
93520 82903
14895 9761
68747 69435
70774 78710
24420 86201
5975 17847
63618 11453
17568 32226
49915 4925
33496 76336
9785 40003
92109 61090
46387 45352
59282 39254
18012 22401
43402 13403
25121 75334
6711 4083
56663 11353
85070 21075
9029 21262
54706 73896
51440 74258
51130 72879
60945 85244
78959 9213
28016 50354
31001 6075
82847 3421
45422 4513
10857 40
34206 42381
5336 58338
9107 1551
52071 40804
1618 79756
58627 38479
49285 25293
72344 15206
93401 62683
93406 17722
59957 68645
62646 71628
74631 43389
74930 634
226 63759
38936 47037
39492 49712
91169 68448
20336 84045
30704 11397
23705 80774
76187 13333
19075 64558
59348 54855
74228 44367
85364 54259
58054 69721
13935 46477
39496 16045
71994 41624
71810 24905
54526 80296
34826 81038
84931 37077
9713 78990
16545 20981
39606 83324
37917 36143
76060 36933
67195 83030
76914 9242
92538 66714
84136 75303
89831 21014
24488 74485
16910 11924
12000 35901
83633 39188
83583 51102
78521 37055
82608 27193
48670 54247
79012 1857
88364 55307
55223 51335
83604 84580
37216 59742
23445 79567
78706 2743
73596 57150
5304 51945
44 60772
12727 73065
66390 37158
24331 23789
73114 28421
33966 31207
51548 40753
57257 51699
28186 14102
40710 73078
90346 82330
13855 52710
28923 39261
48459 12745
6878 67555
47937 68364
83342 1954
74199 66371
20174 54748
39132 12100
20309 57502
84006 52629
53694 55006
14292 67578
12723 80892
26394 10715
68060 10053
78653 354
90155 31985
7112 83979
48462 80031
71275 48287
44149 20716
25816 82402
9574 62598
38153 65731
17012 77032
46284 21596
29693 6161
21029 77057
56639 25931
50613 78776
54938 26207
56515 36051
34150 72990
21673 30808
39049 51547
15178 2785
72303 74663
8616 72014
4568 70482
30208 67561
90370 80592
43149 5571
41993 47850
79245 84504
17924 52830
19959 17886
45350 24541
15023 44572
45519 68381
1653 38639
33710 50080
82879 29694
90823 60577
30363 36114
2461 21315
30749 35705
41133 41462
46787 29999
21394 30033
5134 71389
70281 8710
76986 21306
60865 34975
43234 86956
14657 27031
65625 43220
25622 41612
3685 66259
86991 76066
13289 3500
10965 86458
55650 58400
26827 9215
38169 72449
17343 59714
63243 9967
13411 86781
36496 80135
85270 82804
69355 65860
66831 9712
37392 77046
8725 23090
2741 14286
78278 71364
2081 22706
60312 75786
67389 32899
38330 37650
82462 86792
27861 36109
8902 25691
41367 83503
17352 28484
11844 35170
85845 1562
69725 21431
46998 74672
29545 77501
75034 35233
20091 906
49087 70652
40744 1992
17208 13406
74640 8228
13382 61862
32761 17472
61467 68399
91076 80036
83712 38198
70731 18390
38518 48890
64937 24136
64725 13363
70646 51832
92396 168
83003 64426
11378 80671
11518 3555
58208 28033
20142 73327
58589 37302
54813 29266
37886 14930
34245 44190
54874 69367
25173 7322
50328 27941
7808 58127
60611 52879
59793 36689
37553 11434
76914 74525
91317 38589
76971 21471
8004 31506
83846 45095
35644 10666
65717 54880
37886 278
11766 71845
17901 28364
44587 32442
22850 15984
8150 274
65379 37648
89179 56871
22840 40363
62602 21026
72973 37475
58777 76725
17118 33414
27980 53822
43570 49003
52221 64014
14050 86092
36628 43035
79373 48402
29471 44598
80770 15760
86798 40586
15452 10430
19136 2337
51622 6122
77784 51402
3382 54446
87066 11084
39095 72166
83991 1485
6021 61352
57219 66295
87478 31908
11615 55010
19066 28688
57417 25569
37627 59833
81716 19150
35419 69446
84813 45153
81040 49284
26206 18813
8211 77537
51704 19505
20006 15183
80010 80817
37526 7788
19367 67222
93815 70248
40815 33763
81239 55996
12184 61674
67970 76037
22968 8932
40653 85068
68063 37945
84786 48181
55157 21936
86903 56255
77047 20026
1446 10967
37478 63967
6991 76770
43170 27521
57706 19197
846 38296
7078 32387
78186 77087
27109 84292
91185 18095
21133 9498
1484 17227
35404 50106
21533 30027
9752 68699
69074 4174
65939 37276
88474 38806
18688 46620
53639 35206
47730 65123
91232 27540
92729 79116
54875 60636
43224 18699
64238 1897
81133 32748
7154 16480
63472 49208
58215 31434
66681 1393
16936 6507
28707 86774
17465 9970
16780 50301
76523 46440
54517 67270
33739 10998
3099 18732
68471 10907
48030 70672
57044 59223
46934 24167
81807 10433
28195 84995
29260 45594
26085 84246
92228 41194
93351 17665
18000 52580
59446 37237
10765 5542
2827 71621
50621 69787
69957 38875
89023 23989
64167 27660
38623 56284
31403 27444
14646 26383
76930 13690
62023 30768
6529 12004
4945 45017
18090 5742
43932 85940
48369 60650
8891 20694
23428 61295
86779 77716
77980 53454
74534 23120
33945 62556
41056 77393
26167 48213
86121 54109
41476 14105
77791 70597
14259 18481
80545 77016
65464 58007
9867 3088
57178 36255
80373 51706
44297 57907
51275 5182
36209 67638
76931 29179
85068 4821
54156 68672
83139 10812
28032 52830
47668 16502
36627 62926
5405 33324
73104 23489
61159 84693
48222 18760
19971 45676
39652 43397
80255 78888
46656 22826
48155 411
29553 83409
90381 36387
70017 24732
78327 74928
72300 86875
91379 69690
32759 30097
65540 50598
5007 79354
81484 21857
88832 18542
52658 10922
64606 69710
2122 43371
16246 52581
89995 8632
55673 12236
38830 50466
80365 875
15100 49232
32245 15218
47791 85629
12974 26799
57233 71889
1452 62089
22231 11223
70009 31285
35928 34544
4173 2012
71798 51522
80128 69598
85965 53783
64123 34976
16655 10415
11187 52661
21593 71785
61048 62072
10300 60008
46315 32078
13254 38173
18648 62423
82905 6573
68627 61648
51153 943
37835 26794
41997 75980
34127 45182
51007 82856
85311 39056
73588 19740
57048 49188
17181 81020
81913 42139
35909 4994
76477 75914
7379 80146
24005 70058
81871 60649
67081 29891
71625 10075
3 74900
20934 74441
84046 64654
32091 76557
50278 51648
60330 14119
86079 55866
25864 65948
51253 70132
78904 18970
48601 38235
80517 83394
29030 45871
5981 70413
55649 31584
75879 43771
70321 2541
77088 57436
59088 24917
27122 79728
9537 3487
56388 43470
73676 10157
82766 68692
82567 34659
83626 8998
78342 61208
11922 64994
77426 12698
69059 46913
94198 62024
15898 20924
87304 31561
30891 53570
76908 82309
1070 41450
69490 78015
4576 21854
71143 45162
31471 24849
66505 61790
78688 40666
57391 14988
73066 38459
45335 28711
80827 26663
72222 66545
83404 85038
29144 12276
58397 22681
27395 24472
69050 85847
58881 69049
13955 2265
44990 7518
6015 6194
86312 52113
64583 41976
13603 50521
56441 7810
74213 74526
70182 22150
86365 11847
41138 76736
9146 1452
57941 45049
33114 39618
84069 41937
61769 31463
22820 32824
76262 60035
11572 61671
30457 13980
66493 12959
85098 43816
84241 32300
66275 75594
14548 20588
7972 32331
66707 71969
10773 47225
92 80046
502 51957
90163 34058
26257 13446
67954 5913
52111 47443
93268 60655
16685 77791
61914 30812
18868 8053
35031 65368
15721 86446
21567 31602
80501 25879
48790 8351
50218 49046
30818 20097
30933 44993
55069 34516
10953 58463
18138 67539
93872 18906
2096 8342
57453 32412
41111 35049
68965 69035
89168 25247
30164 2636
9900 19639
83185 5605
3869 69625
67693 24141
46825 51100
9210 5070
14530 55867
49504 5149
22269 45976
20910 81389
33269 79776
48143 76251
5697 85612
17489 56428
65550 81315
309 70657
6287 77693
38425 563
68250 60973
89764 73027
5046 16576
10921 59960
32887 8503
70560 76696
55191 56528
44135 1627
62127 53741
17989 34556
46860 67871
21265 18886
48413 19527
3593 2571
12251 23768
49636 76443
12956 82866
44439 40790
8673 64491
54580 67234
32062 8138
82355 107
43273 18475
75317 84214
89912 12857
45815 60706
32562 58005
88804 28372
54857 52189
89814 73262
75169 75588
51157 62454
42038 436
73861 85702
69877 46264
20722 50260
3411 5582
42204 62541
88445 12495
30740 48419
46210 10122
41118 51084
29398 38097
21208 76566
93792 57809
66813 28319
90515 12086
92890 315
71333 66539
50393 50499
53332 42926
73619 45113
70574 30733
52347 38773
17477 1983
67470 65577
34548 82881
38863 50289
71096 14482
76806 40657
90167 11704
67131 59781
27144 56302
52697 40667
71260 6490
3645 35518
55288 78008
78963 58615
48050 33327
24025 46051
74685 16664
30680 27939
25111 31380
2111 19999
39861 25263
69204 10747
52733 36581
66727 15115
38836 16659
78544 65942
26159 86784
52000 65642
46822 43195
26269 51898
9095 47130
37915 36964
65349 13422
63128 26321
27941 50869
72119 5401
11527 22679
49228 66527
77345 38015
87867 69702
9567 62974
17454 55039
37836 72263
7995 52445
62216 46289
93563 14692
8169 10850
11862 34730
85655 72570
54743 22095
36981 42760
64875 43315
92354 29058
87116 12820
28150 51914
50173 74657
318 18460
4694 84036
41081 41826
7700 44440
55935 79807
67500 23221
11801 34547
36681 65386
743 39642
91336 80805
80665 4891
42855 70571
71467 47431
93142 40176
93510 55006
83492 61946
27114 3954
40388 24315
29989 62795
2561 79641
1633 22229
58305 45748
20233 10893
85913 5593
21190 59171
29527 67908
57076 38872
37928 41602
8171 58675
335 84121
47223 49647
69439 5453
73857 29371
29041 17921
75323 74917
38685 67980
14672 83229
9437 62253
8516 11474
7814 60034
19254 51274
84729 63310
80897 80076
2776 23605
31892 23297
90350 67365
25657 69139
92463 7864
63977 40756
63124 42224
89318 38671
78050 52116
32634 68428
4782 51731
31628 69777
72825 50048
32850 29963
68254 44716
17470 66674
29457 52215
78229 10623
32358 23668
25118 58967
52887 43252
75957 2637
29025 56991
4939 61063
85075 78410
78420 34796
75791 23980
5757 8946
46305 73861
32578 83432
6543 5756
33607 43868
60761 52017
66961 83085
90456 7344
20705 70459
87380 52886
86603 71763
85251 12643
32012 65778
52857 43400
93383 34556
87732 70241
82077 22765
82084 55653
84988 35617
84863 83462
91538 39198
2950 63400
20846 9614
37346 37350
42868 9455
85796 5228
57228 27113
86276 26936
21449 14646
24289 52943
28823 47977
27124 60809
27924 85234
86957 29541
59091 43517
75192 75301
82314 64531
23423 16906
59183 7262
12895 34311
31459 26653
54022 53588
21226 85234
20764 14453
19952 42337
28889 83623
24868 65406
35954 59247
6921 40937
60189 20943
39760 22070
55134 19207
1805 3954
62671 21605
85689 80853
87695 68104
44815 39302
9283 45013
80346 75770
48208 39434
65318 70298
16731 84546
58022 33732
66545 71598
27362 72417
7683 79607
64501 60754
69443 346
10455 13078
56607 4400
3149 17655
71365 853
14379 29157
12740 13951
6153 79727
1866 1394
68927 49858
51844 68588
31990 34848
24113 27882
63930 45929
44477 40189
62731 12566
61960 22435
57973 17041
13737 24503
35540 73389
36062 75236
11569 68813
50231 73246
22579 50838
58970 82219
41142 71653
18917 47804
89470 9232
37151 41490
61939 66175
65619 54271
65422 10832
5806 57675
15011 86574
89613 64437
34009 76612
6508 57892
10519 65517
69812 50185
31496 3215
65143 31264
58973 71642
42078 67529
12426 28054
91947 14733
62711 20332
16111 49459
18865 53433
66360 78786
12990 19396
36350 6843
86211 41292
18676 31638
21954 83326
68108 6510
63402 53168
84533 78813
71323 45675
15820 47924
72295 41553
84132 56922
82126 8312
84262 1655
52792 52538
36927 84041
82442 12041
17531 48597
46238 18524
93281 502
33953 65769
78231 77784
31957 34670
20110 14614
17717 14812
3633 44012
43996 32330
65875 76532
23232 43122
73732 15133
85526 72856
83229 34428
13960 23527
24599 44161
88017 67510
39210 74427
55407 50102
16800 80380
76419 83476
6677 76068
51145 26572
26128 75038
53934 29134
15034 40390
45297 79641
31788 20911
65099 46747
20916 40482
83552 2675
4011 15313
55972 20170
4671 65079
32687 52931
72522 8229
73538 43285
92260 74794
79786 38253
70812 16492
84176 57138
76288 23648
33116 34559
27256 3574
23951 62608
25882 20598
22133 7135
30532 64860
29035 54095
69107 42724
6635 27288
73846 68325
61375 12822
62958 52652
77113 78832
60457 77547
49729 27830
45505 79805
41996 84729
73909 10110
73071 72916
59553 85281
93312 79046
67170 15034
22022 26524
41169 34780
15400 73374
23099 54894
93717 50259
34294 49326
54235 29983
66773 69091
71833 35847
59339 26801
4066 44205
7009 26482
66634 9842
8361 85258
55023 47155
11711 62860
89303 77631
89865 8061
12077 34090
59126 53792
35402 41193
65220 57790
83799 58091
49163 21493
12065 40916
57949 25286
53295 45283
50743 1190
79163 83885
31750 9597
11195 60625
12770 11338
53150 50343
46963 73799
40393 43811
2128 82941
45147 44982
16413 36351
61657 45020
63997 49142
34565 18191
11778 37515
69345 21763
47743 35743
82652 59224
88240 43373
36344 38040
51744 51356
50554 25437
38947 30815
82848 76303
5447 86472
30898 62569
48186 32929
71033 40026
37052 77566
39244 49383
48708 65125
54188 78717
43610 39270
4465 28787
37133 19498
55665 70538
30840 48420
87252 31963
18584 33254
51868 56267
27003 73949
43759 42838
23999 25779
68798 77000
41193 44899
17191 34402
37049 11651
65499 37551
80049 38306
77485 29258
31935 79629
61748 84492
26364 84707
45548 16735
55391 19572
82141 12935
79322 20210
67683 78560
5622 49457
66985 44247
43738 30367
59807 23252
61362 69319
8681 6493
46229 1823
34487 9681
55084 14840
92181 2827
14924 35081
79059 33480
9575 52465
20315 9999
51991 76053
44574 8786
36511 48016
78907 30887
62072 66662
25600 8808
6962 24002
60858 16874
74526 57547
77106 65953
94175 23449
86664 80236
84258 55639
28324 12629
31125 76
41883 20957
13671 59783
77443 18816
61952 5915
12074 58806
11066 65298
28947 46601
72778 61921
28534 4510
17503 24095
23460 13774
48878 55599
85345 69339
49266 73933
57898 86259
28623 58082
10772 68433
4254 2723
65919 78089
51138 3574
20462 3264
71096 25191
6830 12540
67460 6768
26935 52249
81173 71726
39455 19561
1930 85898
84802 14633
75155 55155
86220 61286
78212 36758
63431 84261
76109 78425
90172 24900
6046 8298
29590 71465
38691 61809
48102 73644
60131 37317
81612 75310
34456 26724
14627 69559
60992 4511
61830 16075
41139 75978
51212 73394
62541 44871
28544 60081
1559 64789
26740 21371
85316 23963
81420 81419
38929 71890
704 19724
72209 11986
4776 85212
18623 43529
35430 84135
51868 56210
71949 33007
8712 51951
6990 30127
2102 85879
445 39593
25405 47850
83457 77508
33468 20784
91720 50650
67614 3230
37152 79415
87501 49045
60360 85895
80670 58601
90654 84
88543 77880
29779 74860
89341 21918
43986 36524
30545 37921
77447 51096
41091 76104
45498 36361
8812 42928
76804 38237
60150 10597
45835 71278
50197 39936
25006 41697
21932 11154
70685 52354
63349 58306
64936 6947
68471 46826
8492 16913
19190 83026
12063 47678
48072 67346
87108 10080
1844 19233
53726 77968
48121 26292
12239 67512
22422 73359
38421 50593
89028 16841
60079 60648
71953 19747
17609 53417
59207 11680
54430 54429
7371 14723
17991 59811
68449 38330
7662 40049
4133 68661
65 13430
27263 26434
66767 33091
71096 31780
67030 4751
14667 71108
28137 58495
88003 76928
71879 54088
41216 71827
22449 15120
61326 1537
36576 35136
50357 6092
46256 75505
1442 23380
35822 22104
46250 76328
72118 83978
37349 82199
26194 56258
73078 54022
84580 15438
70190 34926
14055 38544
50259 85244
54470 57316
79736 76156
85489 43542
91999 77434
90278 62782
46970 73061
90072 41203
43529 54178
62123 48366
20413 548
2284 38066
47202 85723
8093 35669
50027 6175
38738 32928
91693 59690
74718 46880
49195 86829
55314 17753
16474 1370
85931 10363
58095 38153
53369 54784
65802 60709
86636 47977
31776 24593
21172 52173
8579 12573
5964 21342
67529 26688
73050 79372
64964 61405
20371 357
19020 82699
10743 61618
55951 77951
15235 37291
29388 43890
75656 67955
92100 83165
44284 69651
31979 28531
67119 54471
57210 45661
17168 10845
71097 57323
9207 47126
49444 54876
79783 58950
24895 40289
75502 17419
13367 62
78357 9699
46659 18049
87131 31145
43223 24778
47821 18445
75005 27585
46236 14405
9768 81014
63060 51630
7156 16656
66715 50260
76990 66992
40604 14248
40581 3282
3350 61737
89377 1266
54127 83232
94197 76725
50085 16895
76121 38015
72583 49032
60267 52497
1665 5059
45324 44191
2838 59850
70969 70896
70636 17692
20164 67777
52342 36512
44216 28431
23344 23737
33018 8265
11077 21299
45122 16860
69483 55156
54667 85727
47927 52941
7116 51181
41886 21375
61238 43878
45103 66376
15746 18583
8993 17633
30127 71092
12305 23778
26100 48655
49916 5089
55681 74400
32193 1532
92849 54725
6504 68460
15246 28034
3825 18143
29471 38037
27503 77347
31004 72007
55197 69068
88136 53581
67654 35207
29683 69402
9467 27125
61041 6373
28435 44155
43746 44380
47598 44816
92056 60772
26644 85563
92629 84445
81423 2411
75243 84403
16387 49532
89843 74003
83164 40791
9610 37916
19963 34283
51767 82402
57094 19575
13035 33745
28693 43387
24257 33749
44305 77828
22875 57958
326 74360
93924 63243
93779 19947
13945 17565
58344 44986
92062 35208
82844 27630
65149 50824
57023 72071
72881 55511
12237 85852
79509 76712
1401 2733
51062 46925
77062 13981
65790 1333
46960 63052
93097 32732
47126 15905
71662 56828
40281 42442
7865 36355
89891 77855
88667 26473
8948 39016
85041 50586
82750 12069
56074 49751
64769 8365
28563 31693
62798 64275
35029 20249
13044 51607
8543 69089
16564 44279
88128 7099
38040 81429
51985 39378
37718 76783
20907 56026
52008 80909
55967 85235
49997 52213
77034 83821
81929 77221
49131 20324
58183 49101
14204 79197
41699 63017
39208 24255
14600 4377
52898 305
24597 83413
76958 28482
19377 11268
36776 22689
38832 342
19361 60550
87755 81999
92432 84107
75812 30279
57140 27384
73478 51727
40881 5185
21118 13642
79185 86902
15957 18690
56611 86509
51096 52562
1126 18352
17739 37100
16776 71945
84256 64633
18285 11275
15534 49457
62434 27043
65675 51027
34586 16561
60068 19031
56885 31849
58809 7181
65691 58980
5048 57001
9358 53331
658 32899
28416 55438
48851 79630
30910 23563
73651 17037
67331 13304
16644 83554
9646 32183
17718 45171
92371 48404
18295 36659
70373 41797
13709 71499
33257 32543
91012 50467
92482 4426
51864 8184
3251 83566
16200 3153
92790 5967
39373 34690
50853 26683
70640 67565
78738 31090
60659 45925
46262 84860
29457 83742
53212 72462
90506 59109
42922 26139
80550 85016
6923 60633
69856 8508
19595 58647
66976 72856
51926 29029
90308 81378
90142 10916
54143 4409
40824 75001
43132 71828
87004 78412
6759 39122
22210 52975
31623 5059
29039 46133
49228 58284
48997 63684
77846 34841
44823 79349
7619 69215
58601 12360
56827 41086
41288 58235
72102 59653
33338 58892
51113 75093
17137 6960
21273 47994
45181 63005
78595 13211
92376 39930
50567 21296
17192 22217
11680 70563
70962 9764
12151 60434
5587 66087
24220 82749
9325 21423
31446 78357
36452 26552
89860 20522
63477 1601
38586 61430
32197 38477
42037 1256
74313 44542
50350 7223
61846 24162
42713 11187
45929 2930
30649 65745
44684 15310
77822 9579
31269 23006
63359 75232
24779 71396
4508 3420
58306 24228
30620 5744
76130 1742
25722 72479
12751 3651
30520 61126
68362 11928
41028 55761
54907 24673
38351 3151
26240 70924
56068 15232
39626 77984
13493 33524
88226 52204
86806 55056
67765 5447
30604 20993
9096 56377
55404 50018
78505 86390
80320 9023
83177 25193
87627 30505
2551 14732
23261 18816
89230 71509
66637 78033
10596 52619
64576 8439
62696 74141
27629 58542
39601 78872
29441 58910
22009 3253
47316 62971
62405 9938
56006 41380
42701 9816
32793 10220
35231 53166
43780 76483
63292 55730
14903 25810
53627 85656
93261 65029
20880 21779
6281 62661
45456 24922
81823 66930
17400 26123
41521 80522
46149 19716
85576 25689
28266 59652
68367 68815
47785 69732
55474 9220
11330 43042
91976 27533
71524 15852
66199 57117
76144 16238
86006 16046
89366 85803
57205 41186
28959 79241
32310 24335
22047 22380
74552 201
32629 27409
63692 64224
42632 47884
42317 47695
14451 77398
91026 15087
78622 32122
7248 24584
82255 50006
43366 26904
2403 24062
29810 24781
58686 45040
62271 51311
22591 6023
53455 1602
9680 68507
6305 65106
2203 80633
54331 28690
58338 45349
48396 72015
124 29516
82693 19776
3664 32143
84730 50520
34850 32277
6492 60946
81289 11559
16170 79306
61729 78830
63359 31018
8255 6841
11291 23728
9351 11555
75342 2055
13353 78966
11941 59856
15774 59551
22082 13538
22332 49008
19191 77055
40151 63514
20439 47386
35694 29604
72361 16913
82407 20063
71988 65189
32073 79215
53367 26137
46118 43080
93006 8468
8010 27230
65941 86532
20316 76315
46831 3755
8272 16933
25402 60422
60700 65983
80950 30494
67796 52866
40955 67364
66473 53839
17457 25108
93383 16853
33078 83450
90419 85339
91195 57955
86710 31867
48830 27898
57028 45336
66825 51369
1597 21715
86970 76656
88947 47334
48872 26669
86046 31543
59655 13003
82148 81115
21458 59464
74916 6527
55847 58016
80988 1863
19179 56349
78626 29933
29005 45699
37907 29357
20842 77920
28678 8939
85188 79069
76366 83792
49327 66395
91668 56106
59034 62746
43363 38637
14351 54959
66723 11619
67850 65738
1306 62759
35490 3874
18379 49006
69498 3284
88082 49922
77235 63806
75554 43984
81579 2813
12148 73644
22014 30478
48503 27132
93196 60286
2089 10274
1968 77266
26702 18276
20476 40660
46999 10945
13175 21354
16257 86589
54079 17455
59368 60231
37998 18221
47927 43489
1506 34758
20286 5453
88597 70137
59829 6068
6174 74419
71956 66317
93261 54891
50810 45806
87271 16959
86086 32568
7770 64623
81617 21868
82986 58977
41519 66987
79396 20709
73643 69862
2393 3176
75905 17910
69975 68581
80380 58517
10977 73527
42417 51425
39386 66381
88834 11944
68275 32504
16386 11007
61054 13936
87716 5959
89600 60957
11861 76275
28890 83641
39317 50032
84045 73814
42934 65181
52516 72119
7933 14552
3285 55636
40880 71728
55181 22633
78698 18029
16243 53910
92018 59924
10302 20530
57271 4098
73671 1599
2483 69138
64424 68651
53483 20272
71717 10169
12868 82201
82204 27589
89776 8439
56951 50383
9558 43516
23104 15921
52047 13953
44473 73893
60590 64939
40568 10285
73725 56588
19450 40934
20650 3592
68961 51749
31720 293
36959 24067
2152 66663
82008 48764
47519 68235
59650 37062
10674 44311
56426 37836
89060 39006
59307 36588
25903 57921
66342 31837
85705 48646
10624 1229
49879 35579
68849 55454
42395 15511
41294 7329
52698 63204
71383 29791
67724 8150
8052 37869
24960 59656
56129 23707
13630 80883
62057 33873
88194 2458
49606 41495
53648 57157
57371 26104
61611 36680
53942 81120
63069 36189
64559 30196
65088 9957
34176 54427
86057 71806
3208 78422
71698 5127
83285 24843
57169 22064
64578 478
74297 45246
76447 14584
77588 60175
90988 22204
33246 72540
66510 53084
79811 246
93540 80496
12988 23813
82048 38766
2043 65497
41163 7973
93705 59739
363 42714
87244 2485
54822 77679
89827 11965
64881 36211
42253 55485
79186 70971
16380 55608
14243 80447
19949 17467
67470 25015
21952 35134
18886 77800
89401 76108
48053 17734
22285 70619
88393 14541
59390 67474
54391 2443
59270 33309
17702 67397
58849 23763
74067 28599
4507 24002
72327 9512
27468 78912
6000 74373
35714 57125
62602 39040
31022 16904
51526 31687
28419 51452
9906 21128
20934 58557
30071 1582
64583 40566
17659 40041
15781 56288
25998 48897
76361 44471
66872 70114
8329 74897
45201 53271
78941 27032
15500 41916
9896 79281
33894 21068
73466 77063
87720 18168
82360 27222
60684 2359
5575 39043
81875 13692
2275 56087
16279 67402
49357 81194
57275 17846
1683 35369
55382 11121
73419 29257
82100 72303
9659 3428
20243 43066
47522 22219
85025 55673
17196 21291
22163 37839
33842 56983
41272 3089
86613 86925
85924 69716
25324 84031
17404 23248
58262 79617
63046 78357
68320 23802
29105 8728
5918 73596
20477 70035
70107 5673
21516 10511
82295 80892
33316 34698
12742 2287
51200 33908
65354 50176
9621 82397
20884 27579
40117 27650
48399 52885
49902 10979
6432 41121
80788 57430
81735 65975
12371 84456
41951 83467
42389 53068
85948 20897
53219 33231
50541 28659
72790 12009
53190 33220
40952 29787
11141 3543
48542 51903
80469 60491
90050 42388
4388 19450
29182 44946
15457 48671
46297 58035
32408 7977
84377 34338
15090 75620
48145 69572
68142 54819
50121 19092
78629 41482
66619 74794
71235 83603
13966 2355
55042 30390
33571 64258
70429 49388
62159 35197
28509 64165
53893 1561
41147 84431
35179 74693
13435 25998
78443 6894
83793 83445
77469 68496
87826 32334
3006 70013
93194 68982
81023 6457
43032 5469
47306 79445
52 79711
88700 31189
69675 86347
68579 23503
54277 34307
74721 26995
42425 38607
84190 42646
93389 1867
63538 63883
17042 55192
25521 85806
53405 65881
39650 81753
58903 57927
29356 70842
90978 66656
76488 43129
13950 82463
88344 64786
27293 16095
70565 79011
9715 59433
36796 33093
52361 72278
34848 79424
58518 8838
16064 23211
16856 7264
3389 54428
76158 15523
73981 53590
39389 79152
39241 20741
24811 6824
21049 25446
34218 62100
5507 38615
14300 86833
3951 30406
76466 42187
78299 21702
14077 84188
66300 18667
72584 77142
58134 51723
16290 71767
29898 73657
42648 52220
35536 85166
38284 8701
49054 61238
54004 31767
17458 50566
83194 55717
26515 20575
93671 2236
9790 86246
68614 16561
58961 29800
36286 63266
22492 46443
61368 74201
51818 6064
87335 30662
86024 42786
23177 3031
30295 13413
70456 36106
4188 82979
21084 23341
59434 58066
61603 63647
36483 32300
61476 50372
76160 19695
75786 4617
92700 72371
57485 48527
85194 8889
76030 57207
56862 83670
8124 75296
76680 2298
37334 63739
45418 532
35826 79884
92063 61805
92124 3129
3871 40533
63875 76790
50510 34535
64897 29145
11597 38409
71197 36285
12454 19496
51856 25118
70681 43817
60421 70871
79016 61711
94166 67852
54661 53272
5192 70620
41906 2426
66802 9091
75912 59571
17802 32252
76297 42875
68773 60217
61926 74841
77668 75474
15395 5245
30674 70342
61363 27237
77233 57253
7066 73916
87902 10700
12014 14421
29025 34302
11004 79965
65337 12340
30417 37126
14921 77277
1258 65556
55720 41969
65966 2136
54153 1940
64530 10321
14632 26179
23506 27857
12159 26295
72272 42773
88945 45102
32982 4468
44909 35405
34906 66799
55105 69883
60795 25931
30839 31367
49345 5010
39441 71800
54853 18862
39030 7664
48299 14094
57393 14015
25282 69870
82395 13246
26187 43697
85920 51076
44402 55569
40167 63751
52414 23589
21079 42970
914 64099
78466 64411
86757 31875
34813 79574
5190 13148
46367 15448
69148 8383
22713 33172
2984 30877
5389 54439
34509 52018
21523 16262
13617 9684
91606 14368
82741 65808
38466 21819
71856 3901
29885 48018
33942 80714
29596 58120
39820 41199
13156 85669
9336 53395
21985 42992
48725 67735
71807 44677
76458 40387
72365 53699
85024 42169
22968 70935
21062 13337
57324 15386
43228 14926
41454 24443
47224 26385
8434 13761
24282 54568
9986 76208
74298 7037
77065 53856
60289 66324
84959 45080
42478 79641
74595 9902
15825 68671
63897 86573
84961 3567
10417 60658
84906 49428
4519 18199
85300 42853
12879 73221
26050 84669
21210 65970
13075 48171
29704 4896
22842 63920
26900 26876
12059 69566
81719 28284
87069 7543
74742 21539
55692 13617
77305 36331
46455 40816
18521 11117
51381 48319
52565 75609
22157 42671
52654 75852
43297 16664
90169 46191
84606 41566
41818 40013
25808 39949
71296 72590
63964 69237
2316 66929
86276 57871
92395 34137
58667 54496
58198 18252
1803 59378
20856 62388
25244 56093
26610 10851
12013 45249
36718 83311
72179 85123
66432 58810
25772 12504
27580 30309
2597 13955
22580 79599
45563 22565
5861 16985
66289 64435
87226 79071
40120 18375
47206 35182
32703 35596
54558 17827
53624 86595
65461 38206
25652 80784
85535 36657
3231 80685
53483 56502
86142 35281
38033 68599
63910 67316
67557 81406
65851 15365
81926 31769
47490 39191
64253 78853
7126 24731
18856 55935
51013 42145
2690 21920
14579 16403
63553 26647
91902 85643
76050 67333
4907 60436
42935 16511
17435 15723
23321 53751
11710 35077
11746 50208
13248 13481
45006 79041
54220 72146
8715 46539
92582 47592
11968 40972
302 66589
7681 12471
70538 55006
3777 80614
69995 61608
45718 3022
31214 45912
19051 31440
21590 31867
78824 75343
56052 26317
92085 48147
63309 83199
55621 16068
85324 62916
40672 8952
35723 67756
80540 10290
29737 9267
49070 52118
22443 51618
94089 51157
16741 44575
30083 76631
34659 42799
4069 9689
47928 77656
10260 55913
17955 20724
67150 59635
74456 46968
8215 69274
75805 27747
7127 86165
36876 68790
48167 61429
6020 54888
9854 85271
49275 80000
16344 49286
25167 48536
71544 33947
61739 36131
19558 76071
65004 67119
93177 470
80970 70669
57438 33975
4879 25048
91867 59294
52638 45961
22918 55693
91764 49112
17253 25866
62569 63498
61488 9091
46657 61756
2804 2683
30456 66919
8795 36019
24937 26899
18912 52300
15632 31794
27564 14150
76915 16431
80794 19069
14516 22852
2660 76779
8442 85302
9153 70798
37759 22162
37906 19158
32625 52956
1402 47532
22200 8574
86945 72882
72521 37881
29982 56417
38650 6061
78315 53831
45685 83112
79608 49024
75010 84737
17215 67843
17855 10364
47577 58124
20591 29647
81425 9527
31393 14704
15159 24501
69164 9839
45389 3092
90970 18063
46179 66377
89623 37147
41457 65313
20457 58530
87802 76703
73073 41866
9952 31446
20038 24713
69356 69283
55435 79231
93557 5364
79087 55798
90485 80857
23047 20681
70223 27692
14320 41611
64701 13610
70606 14170
22179 42924
50237 2068
13758 59325
1301 79480
437 32747
91308 22671
63204 69958
69163 21449
79687 74930
8878 57711
31130 42851
65219 71649
40119 85120
91888 49363
64499 59691
34796 59691
15060 56228
28250 66047
86964 26958
91854 37969
66599 61596
53147 4652
35328 82402
1381 30177
3264 83567
16643 17899
77651 47210
24545 6104
41148 69013
7292 17925
50269 68306
9756 4951
62043 82818
44746 64423
62975 75113
51832 63727
68612 55109
39671 72376
10437 61775
92589 54390
42117 53420
20155 16473
46128 39010
28163 69085
48533 25032
39912 73712
68597 31427
40318 9424
13756 17985
69985 1753
32710 11878
87621 62076
92623 1252
67549 49486
35727 51114
78266 71642
4654 31644
31594 30412
58244 27314
8626 18307
79218 68887
939 65791
29036 80065
1934 27368
43960 43193
37546 32485
41725 6250
37307 67423
51617 7257
42630 56638
73541 45490
3137 50973
46024 79490
42242 2217
24097 72739
78229 2542
80167 13843
15977 54904
51861 4948
93834 77624
72832 12784
31736 49109
80628 36095
74399 18056
75208 81681
30886 22613
55031 15043
38217 3449
57457 7054
72851 56087
10751 68944
15130 67151
21684 44345
77320 84836
51710 36946
72894 32101
81579 56491
43043 53892
54534 5751
53794 15908
89699 64672
62556 40205
25517 77333
29978 46280
67327 66431
4381 41496
49580 75437
32549 36530
81786 20498
12912 85417
67201 21255
62248 60118
88865 16471
49308 42386
2740 34739
44114 13663
87287 78004
64206 33513
70065 50993
9749 78578
54266 35130
49458 32591
7344 28466
8499 76300
71593 9623
46484 9565
4009 54731
19657 86325
79656 30260
88465 80758
63251 34455
59654 1387
31332 37968
28177 18019
73157 8713
41717 39410
91474 42110
66107 63254
5861 57523
22402 49469
65586 31104
80015 69410
22738 51369
2576 30559
28007 25281
87070 7851
73781 69174
19065 66537
12507 23117
14063 32393
13545 47644
19260 84645
4050 25783
49744 75029
59668 57431
88576 76088
35923 61135
14019 46406
32177 9528
670 33037
74284 61486
15147 16626
80293 20135
46094 40085
75218 23864
34059 80352
92414 44345
5339 76021
3477 4611
63647 81534
83826 5146
69648 71587
34440 60512
85946 75274
38865 59539
43131 10445
45992 43775
10444 55898
79092 70238
14586 11732
69391 17713
23899 57731
53903 67496
83491 57312
10564 541
1762 55641
66445 64225
21133 58982
12123 32571
18415 24005
88521 84688
24145 61014
61283 28250
87842 7429
39473 2460
18180 44862
78588 74879
56908 37505
6519 31571
60416 9960
2543 16370
61148 65538
84162 36893
1109 42704
34813 42038
55916 15698
10589 45323
74636 33355
63608 3269
44752 38216
89310 23010
33535 33971
3825 43754
4526 65609
9028 31204
70718 17438
69354 56803
2182 3792
69885 35517
31291 15708
37576 7521
25765 17015
91198 17957
19959 16772
72618 59422
63844 3454
5815 78083
4184 37130
71127 84909
6084 54757
18098 45076
40657 33861
77460 36
64528 18030
90261 17419
54277 64253
84081 35892
82483 40271
93915 6341
49115 70286
69205 54227
50120 13276
85821 70437
84253 36046
18100 71504
48470 77184
33334 63087
67985 52966
5794 79054
51164 10730
21092 61807
48294 4963
70303 74402
13558 23300
19528 32104
4182 48983
68091 69386
76140 79797
17754 18741
76612 7090
37833 48718
53166 35114
45254 38351
74274 21997
1676 75758
43282 86601
52896 43960
80302 9487
20860 3478
32160 80648
15501 62739
93900 65705
21959 34871
55492 67244
46893 29633
54097 80447
73250 30654
18590 49858
69891 23725
33325 70074
88042 16861
81547 61632
17621 50383
11106 79000
23135 19671
68815 70353
54709 81856
30846 47158
81782 61918
3130 7861
9773 26874
3284 63647
19819 22886
57883 74013
20274 72558
76176 34599
53337 71604
77452 13885
25736 44392
74424 53259
73693 51467
90275 39356
20534 84084
85990 18570
74040 81512
24159 26500
91135 5461
43019 9736
24337 66805
4376 14093
89350 7834
12376 29375
11970 40985
7940 16224
85309 42731
40970 59035
33493 3162
71822 15590
63567 14691
30026 11701
76953 19477
63172 36820
36901 15563
68939 50927
84713 63894
73964 44812
9770 14725
72664 76011
5525 76993
3268 33299
9896 42647
60824 34597
89188 75723
71111 21623
12705 29605
69880 70698
3560 84679
25180 19359
42843 78691
26211 76044
52124 40760
81170 24548
41407 50981
26746 32321
34468 83285
11509 76844
24213 48768
31232 86291
85999 24519
6156 37352
17006 86452
28013 6789
69013 58960
1064 33674
85966 3705
37321 57138
42295 11771
49246 65357
50067 67038
9921 8404
7977 53637
16134 55249
26083 86891
62568 15380
91417 86212
16427 76368
27863 62834
57225 12450
43219 61621
25813 77014
33859 37421
44710 47301
76429 80561
6882 62372
74706 52996
93870 52020
78244 10350
59774 29268
47658 3266
50877 5178
71186 55024
83072 65529
63370 63731
92912 56701
64658 37121
11094 43647
18508 17603
12808 22759
56299 35597
88835 56882
53077 38539
31684 59604
56928 6861
25273 69696
35244 24333
59725 44915
36662 4046
55778 12311
49149 37098
71618 37481
9628 79349
65324 10612
51653 13598
26200 45166
83585 22829
63723 34147
40048 8690
53504 51913
60117 77437
38875 35873
900 13015
85031 30081
29206 19901
35050 71733
84989 72100
34093 64113
91334 65786
84498 43981
93303 28839
78408 11149
67281 45810
43366 85269
75207 83549
78144 46689
68839 60941
61731 54853
29883 53471
4271 42930
67191 39748
45734 46185
67236 73850
11403 2804
42897 75378
36851 83531
92281 41739
27838 13838
39779 5113
93035 4125
32869 48481
6472 21369
47224 48690
74448 74300
35182 50777
59209 14938
25093 26483
75416 16103
49107 54685
1598 52101
88872 31292
15654 52187
12983 21400
18599 30545
38981 67985
90819 23964
200 13907
33749 40492
17873 14304
54719 59653
76243 63818
18543 18970
39346 84131
78014 18034
14900 23136
43095 48344
55549 55810
64526 59692
55344 40725
26114 27335
14116 38269
24766 31508
61629 6958
58505 8339
38042 7038
53233 58762
52338 64621
9493 39131
73663 45785
31358 14866
75527 81319
56185 65123
17976 74003
48790 48523
90860 49483
34960 5969
2601 49121
6479 15593
80451 10507
67756 16917
71931 37914
24547 63567
72197 36704
12022 27546
76300 41232
54619 55042
51159 18927
30267 45210
59062 30645
66513 60138
25763 22659
65915 22347
74799 33384
18997 17011
45899 9574
78531 81050
10192 2211
50683 64558
31315 14574
42450 69484
79979 5541
20182 63187
56011 50508
69372 61061
38204 80298
87248 80465
68974 40717
51887 10415
66937 38865
19858 4826
93586 19247
75334 50565
79656 72188
34154 68247
69897 32075
22324 16768
10142 35285
74451 4778
69866 85795
44253 737
289 46957
44104 7870
51844 34279
3242 41881
88317 74969
13610 31403
77365 24862
89417 69526
36555 1582
76185 40731
88651 49096
27154 19061
5101 48308
33026 37230
4672 60654
6832 56981
82372 29012
68727 79246
63612 80458
24726 43744
20706 66049
56940 79528
12772 80118
83028 63006
55805 2196
91974 25650
16105 82264
15404 86595
9298 15750
16692 49066
52777 22729
72155 81999
67810 21948
8485 17141
11948 15148
59630 69958
75700 67528
68672 61163
36219 38205
85677 82608
82160 84115
40173 81426
4496 37635
7533 68650
50206 59210
81417 84444
87486 46762
29999 81642
42863 22465
58164 75413
62375 3215
24418 63989
80351 48832
12318 9080
70268 25390
55860 85059
73303 36842
3881 42987
90885 22940
831 22243
32268 67455
46135 34227
65824 14293
43515 10046
20034 37168
17060 10352
43833 12279
56121 69550
9803 1602
54236 82593
31817 80251
65944 2978
47912 49125
10109 10634
52265 67262
25817 60351
72406 51369
14368 62583
88014 5582
1499 41464
21671 31680
59317 79389
1773 39908
6422 35113
48175 42504
64657 50077
32287 78925
66316 66365
26824 42332
75788 58204
47876 5237
57539 73291
11568 65948
392 23476
88166 10047
55310 50547
55994 68377
16902 84024
55401 9850
73818 63713
91598 26749
67026 34558
4314 25010
14051 50203
68655 65287
24008 81848
9644 51193
92692 41873
13812 48754
27853 40914
45930 61741
53319 27831
27828 2463
82655 72262
74207 23869
89122 86644
27486 50434
75016 35991
6767 12663
2842 50262
62066 62373
34030 32013
74383 76117
92093 67098
40708 86284
17709 82898
58284 7122
63622 55810
22466 60583
51175 69705
18106 13950
88846 34786
29780 15467
37870 55990
58509 6568
54049 19626
78014 78237
63314 9625
26127 38395
76335 37280
82595 37111
91006 22572
19931 55967
27608 74508
71697 71523
3095 62970
51482 55385
73451 48610
60308 20307
69605 59858
65001 36482
89689 61846
37223 33585
87782 80858
53776 80614
30803 11073
39383 82153
36509 36855
47847 64357
7654 25371
53126 51719
58462 49959
65858 56497
56987 10839
22746 85765
24060 38084
2928 73703
13846 37337
22239 36011
78956 60787
85153 15357
59232 24101
91286 68959
1435 50135
15013 66825
167 12069
81988 63652
80222 67413
25786 85825
80439 60183
92978 70019
4913 63066
35426 85300
34928 28781
22354 77389
48703 19089
71736 71039
22649 43161
77654 36425
85087 49129
12277 16969
36413 61774
11527 84287
46470 79279
40147 59220
43812 51900
51216 11879
72471 37173
78013 18079
11573 82619
39810 34594
72700 33274
18957 2310
47108 85455
8513 55154
5080 36785
66182 35029
75949 26272
36400 35997
78946 82713
73879 51628
52909 83900
910 15177
15129 6527
66028 31958
25192 79591
15891 39540
4154 15968
39039 82131
68499 65292
13455 47352
34796 6217
57479 32253
53627 74336
17496 16711
15451 57278
88128 8493
65477 80652
17472 44673
45808 76943
1287 83187
35453 44395
53780 79097
90572 50468
38486 58906
18919 77905
15937 31119
59294 42340
39560 38392
35968 78470
10079 66229
50980 65108
47489 80995
3554 65661
18623 42498
27149 38920
69462 1342
59035 10882
86708 58188
87523 12221
22828 71826
72210 23892
114 43325
63131 31604
85782 32063
9518 27300
8982 20993
78370 52853
55881 3061
6406 4459
57474 43890
37320 47016
2278 53231
55491 15720
6113 12897
10081 84914
58908 64923
78050 24531
31755 12096
36276 4246
83522 19479
52776 18971
45895 76177
59010 74899
74539 65319
9176 64057
70647 1070
56670 57705
16874 28075
73092 75275
22850 32747
59019 39755
33543 29631
25557 82568
26047 58499
34948 43136
92765 36988
91377 1559
53565 42141
74704 8954
64559 43078
71875 4052
12256 53622
66159 43425
67876 32326
25387 54950
52917 18545
59555 66719
92778 58194
10350 72745
59902 14869
43818 34237
70738 52184
9711 16743
45242 11562
56725 49306
57830 29278
90116 74282
30474 50021
60695 39924
51057 58416
30525 35630
92181 55794
9588 24916
2452 12316
79515 60485
77038 5374
92216 77900
25579 9241
77056 46248
14608 67519
25673 76092
27289 80549
58168 13548
69153 71966
81246 83685
35775 24495
22140 13459
32784 35868
58149 69724
21030 25166
80135 76302
18816 61448
9176 43194
89978 23059
31878 58880
89707 15817
45257 40813
22114 1946
5747 13588
39364 16343
74384 59296
78265 10118
58151 62801
65577 51891
88671 29307
26021 83335
87265 82121
57689 24542
65518 50990
23332 45762
57055 31171
7466 51016
61349 3283
52369 36890
5330 82916
81934 27519
36868 50034
73988 33268
52452 50228
6429 33739
77387 11144
83016 50891
53256 38413
65438 22235
53874 28976
66224 58114
27878 56309
40980 19375
11090 85043
58040 18253
48374 69237
46732 52722
89547 28576
76787 67132
21709 57789
2538 41093
42824 73779
54084 63725
47811 85035
52626 78451
18274 12812
91544 55326
325 74214
30063 72615
5144 17044
34723 57876
55382 12881
25875 75067
31609 40562
26539 52608
44410 44126
39748 54438
48210 82791
18547 72884
49295 1390
70063 14298
81557 43703
51743 65002
40100 68107
91906 76223
80952 70630
82642 16560
83372 2561
84388 41850
34304 34068
83343 6229
79848 85923
79170 15969
9499 40412
6495 23377
55017 39755
66750 35855
53768 78290
61201 74994
77789 68105
33390 1128
43962 72683
9228 770
72583 59482
89721 85098
55168 48537
46831 13482
62281 37262
70938 74535
59897 71160
16161 8609
39566 57824
28867 74828
53899 46455
87050 72395
93936 51263
75342 84071
79783 15645
34670 58707
38913 21177
1549 5561
78257 48992
31212 82043
39203 29705
40311 41296
40944 24804
46079 17933
57418 33754
58341 25164
55572 75003
51242 36520
32476 75505
20855 64451
57990 9931
50026 11670
43805 32858
76143 40462
22236 55703
21197 67528
9491 57034
71740 24967
33184 4951
19267 57204
76041 26458
87704 6068
84763 57583
2704 37768
52251 50188
33946 81962
1311 59565
28894 43424
71366 81047
26961 66287
58335 3267
41067 10213
42657 74766
29827 84325
1478 52954
32384 21587
38652 3666
30974 67877
5951 44473
59244 13634
54341 75964
26314 39341
58157 84838
6248 30121
17154 71790
11695 70652
1772 31435
8364 83890
44733 84746
78387 1981
50352 33233
65336 57154
83692 21578
10188 10808
11170 46069
12023 11803
39992 51112
64331 51365
68174 18422
83660 84242
74727 83252
35707 32492
75196 25565
89040 2186
27679 68207
5564 55346
55585 20328
6913 23565
93049 59245
1351 11402
10272 84749
34040 43810
10966 5039
65599 79840
22740 65428
82047 84294
73415 67204
27796 11406
56565 5606
85250 78132
45768 62679
75065 44182
6445 84874
56123 5126
92788 29694
49558 52245
51606 50865
34108 55247
8038 20102
64297 46982
12315 81753
5227 68380
42255 25269
46576 16472
63413 62034
47186 8035
13546 5565
74359 74084
90719 44914
38442 30887
77354 60478
18780 41170
45581 23267
70244 31671
51827 75858
62909 38627
32678 73418
39288 62326
66315 60339
70237 68848
15494 31987
76064 28016
18033 16290
74703 43455
40131 65286
9217 48866
9991 67217
19578 83325
38012 62672
59142 38295
42725 65088
12680 42625
6366 44057
51107 503
493 39985
47938 52318
74177 11262
14167 26812
64389 79231
34448 1707
52460 56589
72200 77606
76301 12804
59830 2096
15813 75877
14241 70651
16327 71841
62932 48386
78204 681
89596 69995
55963 52141
14631 66858
11007 39178
17324 82354
70993 2337
58293 26391
54871 66796
72095 52644
87767 73425
16055 38359
24108 72066
900 75900
40634 50719
18793 41932
84484 30904
6521 29024
22579 58304
2049 48581
70741 49248
79775 20933
65823 77099
77137 59876
64291 66624
73975 6423
36761 10346
16119 45653
36865 59488
49106 60650
36615 83643
7129 66476
8905 8706
2761 75703
40224 9475
39164 31324
79647 25816
75076 79327
73818 73910
60532 38781
22497 14766
6768 62976
55223 18844
45874 78637
93673 15028
39963 4668
54553 58023
89004 78190
13708 54538
64119 10941
33170 69504
13121 20073
86395 46017
10592 72669
71784 7497
72271 230
20210 20595
602 50343
29888 57593
33667 34228
84400 31952
75831 47872
44716 32766
83555 12883
69446 5534
23332 25584
67868 83354
78701 55254
18292 10689
4587 81510
91439 63336
14301 4613
12002 20241
93317 51609
45555 52122
47670 41654
40728 55474
93978 17405
54855 73827
40219 27686
32383 47550
42762 84292
71986 63722
20416 39771
56249 38407
46682 1108
17030 25304
10988 71578
59467 7032
59736 13122
14608 64912
72380 9685
64596 21527
3040 19122
20084 53106
78562 40109
4255 1429
31990 59136
55534 63842
43291 9471
84814 62650
49494 64654
48768 25906
71999 61707
86852 65116
39070 76056
56735 52818
90059 27350
62623 41042
20225 55487
74216 81364
88483 65873
12335 737
64937 14909
45831 56695
92284 51500
84269 63480
93363 66327
69753 79865
52320 17734
68857 49004
37672 7003
9186 53874
27493 76240
45055 65805
13641 58952
83064 3874
40364 65114
77925 77297
27273 32381
77785 81576
16488 12503
42574 41088
3183 37264
69122 32148
30955 32698
63433 16532
51986 43037
86439 46569
68903 52918
10797 17736
12500 11479
77270 6002
75529 27970
91301 18755
18962 18427
64470 14199
91076 16677
35983 27954
81459 39499
83979 39568
42906 20701
57706 14572
89907 37868
61249 30820
15108 52320
1698 62016
88274 10861
43004 20202
34738 63893
8138 74566
32396 4775
26251 21198
18678 41934
40345 36009
69322 79462
27897 65816
91303 2458
18659 49162
57403 56898
25447 16994
54480 74588
52651 9364
31797 21850
68084 56288
82684 54242
53975 77312
62270 32867
18512 86351
11925 5197
89086 64683
91518 27465
58587 9970
62661 52052
25062 6266
89488 10025
408 28965
73338 53221
3411 71396
220 18703
21541 11012
79015 46619
52728 704
43798 1045
74240 26562
84684 65795
58027 31911
52949 30021
81255 80434
5083 86158
34162 17947
38739 78319
52039 40293
17383 65999
48236 60510
76030 17121
11517 20538
59690 40761
45864 54870
64281 71484
26686 51859
66274 11817
75567 45836
77279 21196
5413 36294
812 80824
43796 37058
29642 38202
76631 6798
30153 22676
80642 29673
34168 42657
28447 52983
13773 82681
61039 39521
27125 55135
64331 80369
62636 3846
46310 81310
25397 30869
35652 53629
39514 48264
11944 6199
41461 10584
82143 38634
85847 30339
46713 20442
69963 11078
44247 49656
21968 85320
87683 40916
57716 82288
81608 34669
35552 18259
34236 58753
34961 15446
2784 41457
90518 19997
17384 75002
64683 14563
8259 22033
70515 10912
44685 66340
68627 37861
80017 73519
13561 68041
53172 59798
40673 2011
70778 46787
22903 84906
1288 83878
88766 24370
25789 83854
4935 47388
47399 57697
16286 77200
13667 35
47894 86597
59013 33806
69176 74663
63935 78677
28198 67235
89638 27406
2221 40793
52991 65555
86334 30078
79716 77910
78808 51683
91826 77183
58299 26266
78124 20419
84734 21585
37656 18623
88259 52313
71591 12770
27415 69333
21608 3995
71020 8106
35053 13659
90665 12462
27059 5770
54814 25266
11123 72883
84706 25048
10551 19803
44383 47347
63221 29362
81949 57758
50936 83493
38016 32653
60668 7426
48142 67391
51180 85949
59040 32519
4680 56094
89711 80694
85849 56385
54265 13856
90836 11873
21838 36735
39619 76162
39828 42887
3285 65117
84475 62963
14955 29503
16832 33999
48017 7138
56675 79693
5885 69900
35484 4889
4282 12843
93846 37790
3017 81500
79842 1726
42246 825
34738 65878
53235 51729
64833 49249
14157 63507
83210 24811
25959 34943
40915 29076
73481 47833
34607 3888
31348 55539
73799 78470
52550 42310
71125 46255
39667 26828
51477 58305
21676 33884
21081 28748
49800 85054
76163 11731
61922 2647
3359 74483
59775 42957
67548 79884
28053 10886
37539 32111
77527 62129
82502 44754
84104 32911
2674 28874
30186 20735
68685 21316
30710 49728
2245 82581
51315 76534
44467 51131
79389 19526
863 29635
64558 63735
1613 83118
5215 32824
62376 45872
77072 32243
86158 44872
21882 50285
51904 8087
37820 30798
32025 83563
70912 58650
40348 42995
66704 40335
53966 275
81831 74624
78999 31736
72604 334
68320 80291
32351 66109
4449 80855
36377 28263
13371 59011
71261 38768
74406 51131
13893 32307
17320 83783
46489 58889
38248 4837
17635 33011
88062 38280
66514 5613
23908 61915
67254 53050
42151 23662
44373 19108
92511 34778
67138 1180
44525 34741
57559 43724
43291 47897
91044 24063
27821 24540
45650 39230
46365 27850
940 80230
41646 66724
35935 50794
34871 20827
77126 4768
86258 21906
74315 55896
56512 46346
82120 59041
63980 16766
29293 50358
78227 61041
41359 35262
26881 49521
29826 47577
18498 79429
13756 21184
20302 74693
63129 72144
14439 73179
9460 35493
31762 32859
1131 36011
46787 79858
24531 39531
77045 3098
31720 48425
1208 37794
47174 54646
47030 47954
65182 59965
27537 63252
53412 57526
46010 62319
67852 65893
42191 22079
39999 55933
67295 69144
90997 81237
61567 74393
15843 62603
47688 68987
8666 10715
37432 74997
26044 16616
45723 57290
77042 5643
7308 21745
39785 4384
20101 52751
31488 61059
93101 32718
32520 9163
6948 47292
32016 41817
36801 2425
45884 83831
2656 40448
85562 16928
51499 21649
9725 16643
32202 78269
90308 30131
81831 14227
54584 52157
44352 14285
81671 56904
12040 34224
14531 77190
84821 17207
45171 73885
87243 11390
92943 13328
14668 61145
92612 64678
16412 10272
50514 80785
1530 78981
49839 67887
20819 48158
39239 56245
16949 46283
12033 48747
50 52939
9832 10478
2100 24737
17067 13441
71817 2328
66106 56543
41385 53609
27812 26128
58609 15276
30994 42180
83491 11167
88905 73001
32509 43409
83424 26256
81897 28644
32350 57370
27014 69551
50373 20603
15081 83027
14108 16897
15294 67891
18753 51094
20224 10569
87411 73048
31074 75444
49821 70442
57461 31698
14064 76450
55460 20490
1196 70861
52259 18309
15381 33439
32282 8450
15747 78867
88095 65639
89088 78818
6103 28396
38678 65318
33840 51278
90112 59820
8206 43527
86697 294
55684 26620
39264 15212
93371 19026
35382 6647
598 30859
79811 30103
42920 64301
10603 14470
47145 76054
18570 59726
23236 59569
30448 5834
91007 14657
23140 81041
31502 44957
88155 57249
7239 41061
82077 27982
28506 8471
27976 74342
86053 73763
31543 3598
33395 18786
25501 4977
77905 14638
6863 82979
64647 75207
90251 79674
31642 34049
41296 33526
38050 1567
22885 53410
38201 43110
59744 65854
34993 46872
90848 1645
39819 57177
199 75644
82540 36104
60396 35316
38704 25062
48850 85587
83420 12037
60848 49453
87020 67221
22561 7522
52528 8873
13248 33625
31271 3694
2323 13723
48078 71386
24809 45060
29482 48993
55946 35145
34918 29199
53771 77522
46533 52906
72307 61609
40307 24114
77620 40015
24276 31907
77310 80107
4550 45048
86556 21407
899 78803
55450 46096
27809 80247
83406 6283
91865 21307
42491 6457
35209 45224
7203 62526
65688 21990
19335 33343
14335 17724
8911 78015
91152 54706
38151 42056
53922 16999
33468 59436
60520 32462
76003 73557
35955 15837
78739 36304
65908 62828
24445 81478
672 5010
14665 61658
27941 61367
29032 76937
55454 3869
57401 73129
60271 86552
93723 31424
39847 60837
25823 62823
84090 16071
1862 49150
84632 59790
2646 74015
78888 55570
53864 4793
35070 2012
64539 17223
9986 9593
9311 83227
42961 14747
20431 11792
34041 31585
88576 6504
2466 30618
78530 43181
47081 42065
44836 4108
32464 42276
75530 21259
56869 68512
40958 50839
24127 76261
67287 11404
84398 14573
12764 14662
30358 44519
81970 86860
9937 62017
23308 86440
26478 54800
7530 19099
74705 26509
92387 51483
81531 40758
70586 37167
66170 73623
11035 3905
6102 35407
8009 85356
62385 86733
91550 3788
9141 81893
19399 51278
80659 19052
71621 40140
87457 37539
48718 17042
10133 7145
73343 12011
57340 79126
65668 78856
60922 57088
74845 4088
85784 40287
80379 37702
15754 71357
23961 36552
6511 19453
50094 17583
88657 10933
55770 80644
70949 40383
78030 11620
42282 30920
74808 53465
16114 64055
27251 60536
58116 49113
40093 77906
47988 80804
67713 84132
4666 32355
521 23062
10669 83036
53050 50886
57322 34645
58752 82094
39886 24922
2423 16431
85835 10344
63014 13642
83917 61942
139 78692
8914 9151
2334 84564
67926 85245
69930 77331
1010 74343
86147 42876
62818 57012
33828 38550
66517 79596
78812 59420
32991 59229
49948 65334
37838 52124
83681 73278
76951 62901
93685 34775
89824 22542
12138 31889
84526 11556
78459 77791
41008 52307
589 41868
50757 30658
33385 437
33797 65695
28768 32437
14327 20217
79227 36068
5471 41059
64985 37584
5909 26196
22541 9481
48840 65597
79090 37214
53168 57061
28706 48529
60247 52287
31061 1041
65190 85332
71741 6681
4571 40232
83610 81433
4628 52428
77441 41993
26698 71032
35930 13311
31352 55563
14021 38166
55348 20631
9843 86249
75767 54601
58680 81112
25390 13853
20166 36216
91843 31183
26242 63955
70224 14979
28607 74874
59008 65836
19323 73203
33303 1164
34122 75695
72211 82646
38269 903
30121 64979
33277 40137
79580 48812
83374 40000
73280 33486
52901 62568
21371 65304
49875 21018
58631 72215
63740 36733
15413 6602
90185 82961
14307 40944
2115 47574
1345 8948
72303 35290
46212 72921
13379 29946
75111 1519
26936 15251
53028 82227
32063 6743
86206 72867
13442 66367
11570 41886
30369 85219
75679 7328
582 31664
77606 27615
23221 41499
36705 80104
16954 35377
75260 33075
34505 52247
19929 34012
4444 31162
53548 45680
19350 60736
43059 46446
58168 23755
46097 27157
89749 55498
87135 18205
60628 38448
48416 41926
49242 75377
91420 2420
22040 68411
23691 40142
15944 12253
53015 67524
91216 83404
51124 2635
42290 56743
37777 43343
18499 42710
94047 31020
88862 63614
34863 50697
6098 27708
245 45408
77210 10936
11061 59412
39111 53613
1350 77339
80850 68787
55674 41918
70350 16405
12684 56224
37902 43965
27441 2490
93625 41535
2574 38525
40887 42673
84979 46908
80311 52598
61819 21904
21874 37454
38411 63014
6657 9091
41191 60605
78263 80074
75569 80591
50390 17320
14297 44095
85567 27998
35133 43560
52511 11155
77673 16044
43392 21369
74147 86390
10044 47434
89341 36137
22704 57018
58899 79243
16301 53748
88624 70059
40175 49606
59089 50138
66464 79765
52028 14424
2903 38702
43119 48062
18919 60620
32598 4642
86084 85516
91339 39387
77624 50716
47497 55048
13778 33498
20787 12549
4212 68258
30581 11321
74319 63943
74020 62308
61362 51079
58171 16905
1427 4933
83585 59057
67423 56697
32875 12944
7570 16417
52529 76508
11061 42929
16014 82210
8230 26139
54923 48914
15331 56691
40888 33876
76127 36116
83289 29898
25926 46949
9919 34202
67341 24921
89232 28183
6699 44133
40714 68174
71076 64341
85707 76300
90808 16638
26698 61455
13535 23127
16213 75467
29012 15726
78420 51029
53680 60543
21122 61827
22594 4099
53763 73596
9020 70692
29631 84779
12780 78714
90890 28834
56046 57636
90443 70223
21345 21783
83497 60343
43710 59614
88705 16064
82505 31543
84869 66607
84880 84326
15265 50739
432 16725
86468 5170
57012 50781
15823 20692
57511 73268
74285 23808
40045 29766
86393 32426
45032 31064
41351 809
37500 28916
76263 80426
57568 10707
53257 25278
48811 81326
57603 20410
76332 86590
2497 32405
49435 55107
86036 77682
36445 7597
15135 80321
24974 49697
48611 41851
19751 43341
72889 24881
72594 69120
33840 75374
17813 21654
89978 58025
23086 26808
74045 34893
26880 41070
24873 76357
58 72236
24104 63489
2487 45994
2570 26237
42077 57413
75653 57796
53666 5451
88526 22261
9164 86769
5065 45111
25868 45919
58899 27457
40171 61496
73686 58729
87062 5544
47925 56737
18405 79136
17847 80242
68323 8908
42868 85389
14122 57097
66730 53495
27952 18172
16054 59416
18719 68722
24902 49085
35356 35855
35896 63211
24072 41937
18390 43079
81039 67480
54323 30518
9658 38709
93449 4352
85523 11199
91226 78519
63532 49252
57983 77330
59171 52220
24790 69544
37041 34759
45448 46910
68336 56362
68462 25917
81446 65511
3866 3373
33928 15064
49360 66111
85505 40919
62439 84551
86454 35045
26316 81583
92616 34373
65609 2003
55270 73385
8002 41255
63948 14301
49420 36000
71320 668
10890 84661
25802 21482
60322 51428
1495 73840
35355 43382
71865 25852
10233 64673
52753 39728
20311 75954
38791 55223
60745 23709
19751 13314
45061 12962
92111 13982
87811 12066
69686 62232
2399 59970
68843 62547
39393 38681
81534 45206
71326 33680
31349 82465
20069 61934
52121 3828
53349 36933
47953 67996
76883 22606
70330 84805
27444 56386
23593 44499
43148 73240
81563 46744
16363 65096
39861 82727
66876 49619
93606 4144
17957 36813
21425 66959
31421 45993
77259 59368
3506 86912
45285 54045
90115 61792
53524 20122
83669 25440
82362 9581
63787 41696
49377 61347
35325 62477
54671 72727
26057 66303
66794 72114
70213 26041
18667 67990
59772 23419
27119 62588
75368 35606
89759 44643
85856 74373
67047 72838
14318 80318
28778 52377
753 2705
21477 39575
8735 36315
312 52684
67365 67841
64714 81236
8323 25910
33650 55608
8365 54317
31447 62520
23345 3801
85148 37914
85558 42001
580 10334
35560 52941
76421 79633
19296 11060
69631 21316
30553 48017
7228 40718
42467 18350
87917 83389
31896 26095
66191 32184
2556 27371
27569 75246
71307 30490
13166 81079
8450 18714
52078 65465
4319 52688
27306 13409
40005 39704
59755 15141
75822 55669
26353 26704
3468 19330
59746 83617
40151 74856
79652 72298
47970 54419
29940 57289
41041 63692
42986 38813
75878 2880
54905 24576
43330 56364
46388 81276
4714 15796
12609 18375
6693 86692
81636 58359
63161 72116
55295 4934
6545 49757
73617 84103
31969 31583
60896 25875
79859 59351
91549 46457
57493 38630
76236 57823
62792 64450
59854 60013
39749 81337
80453 48124
75407 84704
63809 14356
7539 24712
72225 70024
85176 14429
46806 69522
31853 16567
52395 36181
74869 70013
89495 49453
62486 74203
20322 3715
16513 79415
27317 56633
11863 79091
82975 32782
47958 57122
14835 49254
32579 8912
52012 23382
38288 57263
13310 13742
30426 67076
53378 31780
36533 4757
81915 49173
16667 29531
4686 22660
6405 55273
17472 70483
10025 78243
13509 58330
64265 22486
91639 43423
63162 26918
55932 36392
42657 53594
8158 60680
5307 7029
37135 40278
89208 33914
44970 22362
5012 2041
52325 58186
58966 56943
38715 63856
27428 10924
76547 24428
38891 6239
50311 8144
55829 8494
72574 60674
4533 36959
23651 69827
62736 29758
51404 51855
23060 59327
60298 12277
70409 34864
80521 29852
37997 65086
83949 18739
60401 28145
30607 75700
64979 27404
34914 42654
76992 73508
17582 2190
78178 49033
63109 6025
53194 19105
19268 28413
41752 72402
7208 31403
15684 37521
66685 37580
7079 60028
43028 4933
34053 66186
93638 63951
26698 32826
54496 69532
21821 54852
42436 36025
81017 79245
24776 21611
67852 3738
34507 44972
87161 81778
89689 11374
61255 83242
16773 38837
85148 26128
50123 76183
48026 42392
90193 86896
81083 57304
40727 23819
64748 79455
1789 22493
86005 59551
83693 65480
14818 33479
53134 69587
8825 15248
67446 14566
4296 76967
64348 59810
71522 17905
13057 70670
57709 58517
19788 72412
21369 21081
30040 25036
51734 68685
68088 13843
33138 38690
56416 42093
55575 45314
90835 24727
10575 34691
39002 134
83212 42408
88230 9195
79779 2950
22774 17597
34123 22411
60057 32492
12859 69840
49388 47827
92129 34703
6266 33243
7029 23528
58176 67728
33245 63338
11110 57342
27234 42548
7077 22234
85635 1351
35485 60162
40851 36038
11884 12859
63911 18038
28307 62646
84664 36030
48095 44704
1559 30940
28767 16935
78166 62858
49881 1465
31412 62649
48069 51283
50973 85584
52006 33187
43831 86910
12086 30641
2124 10141
44268 22989
47889 5140
33349 44934
91934 7021
60658 21501
35486 79539
34577 37862
53269 57009
48348 81969
48799 72704
31568 4906
23827 46032
61130 58033
52865 46004
3917 28338
55422 18516
44465 12554
89143 4621
58784 12882
18391 37985
24179 9152
89097 13771
3640 23523
46298 31341
25699 54716
92845 13656
81238 21698
18205 13257
8966 84886
33165 1564
46550 77205
88963 50184
71650 28902
41624 32392
22103 14431
77070 84732
31458 54491
75096 18566
9110 52937
51928 63610
45285 15795
49736 1011
91710 1933
40586 23638
25219 77020
24430 41018
20695 8595
79454 62850
615 71883
32256 15260
74888 28398
54151 9137
93628 26605
46895 48572
20473 4266
65923 63553
74630 19776
27314 16116
10138 42530
76144 40589
83801 66065
75492 70627
14714 33696
6905 82253
88724 73124
16016 51040
91626 768
46287 556
44242 19430
22628 40051
9429 35796
26332 3784
29524 22915
37098 67153
87079 27734
22464 15387
33446 57292
26270 24261
37137 64562
69834 28636
72863 39450
81934 55121
5914 65963
55086 62034
59005 31816
75462 64082
59500 74774
44569 55555
61842 6205
30985 31320
74342 40088
3138 73221
74114 73015
44096 46509
59464 41053
26325 2171
18426 80495
59280 393
28430 41875
13176 74433
74091 3100
89598 24386
53165 58553
91319 12768
6759 47282
74727 57908
49609 6401
45487 68826
58225 13583
39735 1082
66585 2529
24380 64317
44629 44675
75466 15323
41968 3131
86790 36611
75562 83880
80638 46876
80966 16797
89421 56724
91009 53961
67003 25698
69436 49415
22386 71063
38889 49182
70016 11745
27052 82575
30152 67274
40603 63440
4913 16485
39642 77390
33104 85655
67608 70969
28040 82654
88351 24773
32541 58584
18752 52191
11033 36140
73482 40377
17364 37030
81264 19079
29421 61627
92189 69128
42982 73762
84395 49750
30531 79444
17503 68466
41375 44882
53177 77604
35280 24608
32831 74326
56615 33243
68048 13200
42789 54351
29091 26348
3379 3871
48540 25218
34110 48998
82803 72815
36622 59481
77890 82398
60947 24291
67449 66670
26361 47994
32193 57848
73374 36877
46286 28835
51338 46801
5333 31442
71026 79146
50519 36116
76569 56236
14078 6820
18513 6929
18092 74928
23787 65484
24516 66008
4462 7665
20811 44142
91568 64403
35064 70040
93978 82878
54153 77309
6481 83187
64628 27156
73182 53965
75608 8148
90010 47488
46783 4864
12600 79712
62639 45398
66901 55071
52432 9215
31566 12913
41513 70564
21598 25434
64582 27435
22585 1991
30640 43086
90744 66234
49085 30883
75702 52574
29285 52959
43376 20153
80156 36654
27407 44863
4711 28288
24957 45590
54332 76916
5556 66540
75871 59844
87753 41077
44382 53093
50824 25709
9580 85582
12458 72043
22151 82595
79421 29575
89895 57177
49218 79346
53454 2440
60634 80668
63568 64356
24853 34987
48331 8503
70895 82629
6529 4806
35886 53829
46434 56696
59239 73282
53049 82839
11258 64045
44848 695
49697 4028
48956 10444
6545 28503
17428 42106
42974 32063
48595 79668
78577 75293
71819 49680
7289 42088
29526 51342
15259 28945
8550 69347
1126 56771
16519 35593
36304 8594
29086 64286
53538 16696
30842 45923
46385 80284
6097 30612
879 8727
76681 78880
8527 59590
20544 26364
44338 2752
66132 24676
27283 83012
20683 53783
59901 60064
36641 16245
27387 9380
17374 68083
14084 23748
10936 250
12299 42805
87981 54461
16374 69498
32580 34034
52762 12241
26285 16736
46277 54777
91579 31319
10402 1507
11867 11472
14874 83607
3339 58238
9285 42810
18544 54523
54804 70144
50318 1849
76707 15323
53357 63774
66910 79364
6515 19028
87914 34975
3858 76192
18028 65695
63867 36707
794 15482
7331 38042
22744 37981
44636 36412
14681 81643
29708 28516
44582 5353
58502 52546
41557 37000
92964 3280
27197 7684
86871 35796
85079 73568
89130 73826
31567 54628
86165 42560
65380 41411
68660 49605
76633 81413
63759 10531
45718 2916
20490 32292
33902 38278
37982 74073
429 72980
714 75020
70815 18469
80462 6932
65438 14744
33045 10801
14926 33805
84985 42262
48460 7153
30978 55403
15762 68318
40076 5386
84083 38576
22133 16750
57496 63097
32082 69536
22023 84702
28224 43492
33350 31818
20339 69999
55390 27024
34642 57727
61581 64978
68545 81950
82989 8480
70180 44168
26179 61037
2759 67297
41232 6492
88191 84031
85117 81674
16361 9481
55210 6960
29377 51682
52604 55003
34774 11060
51227 41920
93260 79405
87031 554
40511 34674
44338 1945
13347 48122
35586 12685
36074 7048
76430 3457
75761 71579
63734 28013
22523 10331
47150 68446
66051 71426
11726 66821
62936 42070
65367 21356
41809 16875
57202 40601
74843 76331
69324 74242
28293 25259
33441 57302
82192 37361
31264 20773
82778 85297
63591 10607
58085 66750
15046 83936
73396 8598
56533 34802
23796 40867
38503 12730
81700 58637
36494 36718
93539 85741
22216 74366
49969 66671
58258 1033
71111 22320
36206 36522
92178 12107
57846 54527
63146 27821
51359 36484
9324 52483
69327 34154
75130 75537
56118 27476
50377 42005
48576 50077
43207 35652
35803 11371
34735 77699
80520 31115
26518 39152
1926 45705
87452 25596
29592 67686
22236 35181
61753 28068
12191 10331
36988 14928
89916 24975
90684 78066
23112 77018
16357 56784
69878 508
50347 28245
59812 35021
54356 54556
24805 62625
82140 36215
70231 54317
44846 40160
14827 15748
61179 58084
94191 23487
80736 2681
11560 70736
46097 66545
79202 70090
86409 77467
79510 43321
91189 50469
26036 1753
51284 40312
35 27218
56804 14417
55771 18225
83867 41075
77014 35527
3224 62938
47462 61608
80887 41624
94181 16999
12056 18769
63811 59955
40750 78490
62664 77115
54838 39001
49366 33554
54883 84859
30627 43926
36752 19066
50606 77742
15207 71522
69152 6496
92547 14875
87636 73059
63943 79012
5054 35766
2952 54208
66184 21522
71214 11882
76983 5707
85986 81989
24519 60395
5073 13656
66758 52009
54360 24317
41064 76038
94207 77679
63233 9300
14132 43928
4793 18580
93849 74014
63627 33002
34984 86772
51640 71347
75767 29298
9373 48991
87058 75310
50976 57405
32117 85094
24813 2575
6197 70275
8238 35285
53076 1806
86929 47526
89779 4459
79230 56287
42810 14694
3463 42023
50195 29554
4175 65945
75336 64008
12838 56863
16199 20364
60409 59284
46381 16056
24634 20078
22413 74603
930 58901
85363 23344
18489 21327
89606 28084
43295 33599
85631 37544
48295 44551
57656 17019
2702 44223
32115 80931
79704 37832
34182 38015
38463 75401
78886 52750
43528 80607
25480 53212
24450 8586
91979 33561
6938 15132
2918 24712
57119 21229
37394 67332
52990 3266
82176 6922
93829 2310
29856 17436
89330 85521
50965 10989
36131 78426
39236 72261
61029 25006
2506 11350
47433 43743
33881 9572
86436 80231
41320 28812
47385 75727
89878 42066
23042 63385
19699 70910
76927 50441
40426 6230
79866 58121
30252 74946
28713 76910
50013 5228
41228 27776
47120 49824
82311 53830
35203 38722
45541 45078
53676 58087
19647 68077
28476 15645
91200 55734
90451 66216
78715 26227
87467 19807
15068 47060
72314 43476
10039 51909
10705 44954
66013 19717
15125 48819
71524 66173
42978 54789
20600 68572
81426 71778
18486 54613
85903 55901
33068 37974
35972 45626
28013 76077
11379 1633
11609 67851
53860 75411
90052 26927
79651 45708
847 39054
35808 24566
78572 60470
67300 65376
51122 53064
33432 54679
51149 57631
52236 28490
3758 71784
87139 62328
70082 54884
792 70895
15446 80559
18968 15220
79678 38797
83001 53833
22118 23545
62776 60028
21125 86377
53579 35579
8863 851
22229 59620
8312 55378
74138 82160
80859 47967
60325 53065
61244 69725
61904 10150
7028 12952
73301 60764
42406 125
69391 49609
19454 24586
60676 67376
37857 11118
78135 69568
19119 11527
49129 56078
569 66449
23238 33456
38935 14096
90275 84904
48093 47950
63539 49399
90619 40062
16575 4961
91667 65002
75735 71559
56194 16995
57278 78850
509 24967
88211 47181
78148 47452
17518 24656
59632 16384
38858 43920
93897 15917
53340 6427
63715 27450
81643 81581
13355 32335
43607 14819
7335 1140
49230 79874
47962 36085
66407 42326
29595 33420
50807 69812
27451 46664
9267 41074
5142 29781
51150 5681
54008 49750
33722 84333
70882 72599
53525 73932
68826 18869
3026 3653
85055 5923
26912 76005
36225 60924
79281 20670
34869 42743
22178 19838
51674 86834
25956 48964
14246 62903
11222 61150
67573 51047
10911 45920
69752 78335
31720 52155
12961 7620
9206 23583
25222 80980
65859 18086
8204 85889
51682 53707
31953 70107
54832 63180
93187 27314
24461 7105
75848 70891
58154 22975
50144 21041
74398 8766
50703 20452
43445 18969
18162 6250
80894 18426
3875 39865
53686 586
66810 46561
78940 26654
94081 67665
18113 66835
40405 8589
54353 48104
88487 68019
47701 79808
5789 4292
18119 19687
75464 19339
70918 14345
24282 56095
1398 67824
83993 72961
91336 43009
59529 58418
22277 68926
43968 86713
85461 26062
10010 46697
33157 10215
88202 69189
71705 27957
79394 83139
67625 84507
74204 16123
72210 25470
66227 82679
60472 7366
57504 84941
72493 63589
25332 16982
25404 31484
64858 19896
57622 22547
73248 33455
80571 68216
50487 6377
74491 5456
36711 81741
28171 6950
41510 68944
82489 69910
81507 80986
51763 13569
55427 8113
44458 14581
3863 62828
66098 77849
40499 70037
66798 49035
67707 74945
92003 24223
16871 33129
66129 38161
63588 60848
61117 6688
36585 509
65191 44479
38805 71603
22879 35082
79085 7875
91067 14680
77122 53869
8960 9889
66721 39027
92149 21115
25260 17393
4590 66480
80707 61742
46404 57225
24040 24859
58698 20397
24008 56710
41969 67174
11166 70125
81244 2367
27511 10443
88277 14327
56301 13609
40788 4843
25441 24678
25558 40126
93518 72550
73057 54088
51593 14504
9140 71920
34986 78408
69766 67561
12221 47949
46621 77123
47628 58484
91910 24395
19953 86351
92966 69528
90948 45646
39840 54295
66278 79195
86693 86291
32046 27056
67699 14598
13977 75585
78153 56016
59285 86302
40188 23672
88955 5896
27323 14197
56586 71997
84853 13444
53939 82598
45444 67722
4258 64800
16065 36618
16906 56015
83218 8937
14831 61262
43379 34343
21812 25125
81638 68752
27854 78101
25277 60453
19055 33138
68458 77001
56126 77388
21342 18234
78697 64658
29879 15589
22515 26347
28081 83694
63928 24549
49308 74206
90752 8748
19032 82263
64010 24258
53419 62819
253 82731
27002 81732
91870 80867
45455 77500
4032 37857
78857 80471
90062 77125
26172 22089
93934 5535
79628 68156
18197 48069
11063 41124
54337 40770
4205 63072
83310 1011
52 22962
54403 19399
94123 73244
50276 9990
66754 45892
70202 54509
93593 53118
39310 74877
87073 79623
27310 73834
21681 2472
92433 2370
82959 25028
80003 9180
21103 73184
36824 44248
912 47580
60717 7446
29217 41008
83274 56455
37140 1500
65472 58956
58491 80456
2959 70381
23726 31961
53810 48018
33727 48810
5362 12690
4278 40180
2424 55233
18435 67359
15721 5827
1853 57535
38839 25211
20584 84428
26436 58979
76295 21344
46742 47329
2058 2070
48943 34005
57981 32321
20765 18413
40489 32580
1348 58590
41820 1687
43530 8967
64432 74868
48640 46693
51224 61529
52244 43949
13043 81979
11215 22450
30165 12755
33481 83842
47779 37689
14533 36995
9264 81652
51011 66756
39338 24470
38620 44191
34090 54891
4075 12070
51276 47708
8337 50767
75198 24411
70504 23180
41671 71267
48774 25647
12547 35599
62479 83633
18467 83099
83188 79820
27179 4715
88312 77180
80377 73792
27995 42466
65016 13565
55631 35515
54835 9298
38919 5944
2737 58040
88476 8067
40321 31160
45730 30198
9881 62214
30142 26769
85657 20537
10778 78285
16552 42489
54323 75008
27866 267
76615 50811
61199 36746
56435 50142
21492 40986
36631 36290
6112 9389
63555 28415
87392 6081
20556 67113
86619 59963
69619 68769
33735 70478
93322 42730
43469 41817
9499 62880
11149 76855
73979 9512
32355 33879
41234 8368
21613 45120
93406 3542
58147 28071
32850 20025
50055 27206
52860 47512
33477 7120
78144 24741
79883 78700
67197 27476
72251 61623
74214 36251
12640 64946
74008 81306
21858 39971
21020 3902
83533 45878
30391 3517
22734 22351
11232 65375
55109 40262
34149 60427
62379 78465
34681 37918
63070 6057
91948 74079
11498 39263
11023 19803
1031 26059
45369 21855
14555 26144
50339 76775
94015 36685
86241 25596
838 67275
16705 28811
76606 15478
87550 17591
33293 61660
19665 85121
37653 43444
60691 12089
81435 45520
33190 18946
62837 44283
22868 80908
4493 35043
11049 68841
28027 41350
31133 33618
40907 76788
8881 25020
17289 25794
46436 48519
69401 85762
3012 41538
7629 46337
11582 68858
53739 58560
41769 77455
28676 36741
26333 63658
29106 45353
26540 48658
59044 41681
58051 70958
13483 78684
15582 45981
60408 39721
80642 52968
45629 23322
42180 48903
17195 68775
38224 44532
49758 37881
59713 75887
76997 81974
31089 70124
2347 23567
24940 23929
54849 74912
88046 58719
20368 33240
58486 52929
49047 49372
70214 28307
22992 54023
89716 71047
69196 20501
10453 10599
10542 11776
27346 29351
54409 56147
674 54701
22262 71412
90856 211
41894 82061
58699 10428
21170 33040
9476 58486
70658 48354
9133 9244
42076 16236
57994 30589
52293 46748
75748 58141
60373 43999
559 54896
34952 58039
10692 19649
60346 3695
51605 29185
32463 23349
88194 43165
73376 41313
60794 10188
90363 17858
13519 52705
30820 86130
43882 31093
8877 19087
81915 1784
66144 2
76683 39368
73394 30723
30377 3479
11220 6045
75400 800
13071 21863
52181 71722
8828 19354
52018 70460
72843 84231
11988 62596
84041 36185
68065 60493
2245 39828
24616 56461
74202 41446
21744 23136
93014 69158
78784 54632
57819 49744
3724 59523
62416 35909
58540 72546
43806 71958
74942 30582
35231 20490
20751 5013
35439 63573
55739 48680
24179 64152
41896 52987
41409 40282
78551 67784
86221 73068
20372 26111
90894 86096
16086 43460
83150 26103
92917 79101
58091 12426
53663 10162
27671 55965
65853 86148
17749 23744
85112 77544
41388 72844
26686 40757
63290 63513
74230 7035
80613 24503
69161 5211
21422 40722
49655 57782
74185 27485
39752 53416
30238 25389
41363 80065
74272 85386
77136 11378
13216 71520
53465 72017
67956 46277
49471 81914
28750 21264
40364 24600
86731 20046
10632 32227
53053 24525
50502 84596
27906 33007
15047 83747
79584 28873
44056 41652
56246 66123
825 77607
38308 20463
85505 57446
11430 74816
60925 17896
7790 82780
64748 49448
6136 85581
45583 77664
53054 36858
51529 31096
11228 95
21825 84395
57114 81261
57161 19792
47437 30296
48524 12241
15372 41392
2333 16732
19756 9752
32746 47780
57058 65556
76767 9137
70010 48819
43572 74501
78041 75856
86004 20965
30742 62616
89493 86313
89644 30241
81380 67485
92666 69375
22971 7643
41130 31688
14141 78773
88448 7727
74589 41530
35501 38116
30068 40218
29372 11664
57643 23961
45696 11382
26570 71116
6405 76420
54271 4501
41614 26236
3668 38556
29159 80585
58437 22548
4266 14503
77142 24003
78814 81251
44364 71260
3552 76025
19862 69527
59292 34205
93744 49351
50404 26877
84723 13224
51129 32823
12433 57211
7185 66956
50272 19708
27636 56185
72007 37884
7961 58320
75007 44122
24711 78020
33107 44928
61211 82541
69698 43876
78299 69729
53555 24931
23457 57648
35616 4175
84678 14520
2279 70842
62152 70355
12223 62102
6577 62185
2668 69493
31830 72369
64180 10860
54795 26982
65943 30791
80839 298
64752 48353
27300 28915
71580 54144
69492 8249
26642 58040
58090 54856
88571 53072
72368 62573
86643 74953
50882 21333
49979 79416
35155 74637
44197 74622
1697 68733
39249 10464
30578 15459
88202 21547
87965 53631
79223 76425
4330 54192
42873 86693
79842 20596
20581 14279
14049 75585
71660 35375
88850 57687
45336 57664
76433 22716
64641 1681
76858 46177
51687 10923
40049 18512
79602 26185
379 40017
49367 6602
71561 28610
48373 61145
78931 32969
35367 78565
62882 81056
17127 19560
5848 68125
71375 30721
37416 43094
75185 51762
4734 60909
19141 10429
61522 56494
27369 75616
76801 10671
53474 71174
47279 38179
11541 51125
51219 81209
87171 54628
92563 58479
20570 62896
78282 1868
43921 75191
47380 38285
22748 21186
28050 70852
68009 2476
27874 61342
727 41263
27185 34284
21893 44052
63361 51489
28602 24911
41757 3734
23226 81249
28249 60868
9226 26865
58867 36020
22574 59237
70596 7976
75814 41137
56648 55837
36522 67114
59313 73805
48616 5376
60557 71695
9889 75167
25443 79162
42065 33492
88307 63323
91876 62834
34389 24585
31898 72558
75053 75798
71326 5960
93077 3376
57535 70336
91204 48985
93465 23062
46934 80693
18152 1298
50794 82366
58163 69524
33895 76604
57968 45577
42365 13108
72473 24728
23701 38753
10298 42458
58857 37495
39097 37868
81857 60496
27735 50963
93219 22106
31931 50776
69774 82988
23620 60078
82164 53666
87973 64725
86873 51062
19365 47720
77038 19766
13054 69417
34197 39676
48945 77928
8566 34533
12369 8468
90675 49028
81750 68945
68634 35346
30922 9534
42608 10734
11676 9133
69472 61558
44960 69983
26513 32105
20607 55879
22373 77206
83770 61909
65462 6882
90892 3700
30295 39274
28155 10327
27458 19645
76000 46550
72498 51727
33617 43118
36497 28097
9402 3494
72809 649
61972 34809
39836 37481
91559 71577
39540 79485
61900 33183
79671 63571
88851 9942
84226 7522
64546 11438
62899 57044
10648 81261
11950 79976
76595 53142
86544 41222
55701 60788
16056 7879
39356 48287
75046 26858
47189 68007
61828 35220
63204 8903
40273 86558
48098 18451
77669 57113
87714 86229
26749 9681
14308 51195
22402 41352
41409 34996
49150 63092
94019 25284
69664 38768
26979 57556
44688 47631
23303 19055
31568 66621
45095 80696
48640 4223
5287 47305
48570 20403
326 30909
93307 29848
40205 29618
40078 68011
58847 35700
26933 17093
7997 58233
87103 30807
54232 56079
85159 69316
85692 9386
38384 15503
63282 41820
7752 63246
22906 1686
73598 28128
3885 79517
17016 28348
18576 32067
26299 3384
43667 67122
5431 37423
67118 10640
44198 76198
2325 17574
87201 44923
18439 68873
81634 38892
21304 76380
52817 32137
89702 51411
44525 49918
39412 53324
68217 68588
88241 30684
72725 7023
61406 64076
58172 68875
86725 30530
36151 53060
21099 29152
45474 53152
50360 30219
45495 15362
16620 48204
50150 44373
86446 79657
33218 83824
92359 2566
14565 58812
79836 68573
76876 86792
86901 61246
84180 86518
35091 14186
83059 17997
6359 55480
42866 25376
76289 43735
82884 56945
4495 64917
59920 5952
31054 63696
25645 32369
10087 8533
82706 56979
38992 3066
74081 67683
23247 44512
2685 17245
15388 40431
32094 42549
27478 26755
45397 31156
18245 18077
39316 12568
79310 26407
24997 50623
75018 56685
36185 31351
51897 64130
2582 16499
47903 21638
25446 59858
58461 77105
80353 75017
58800 4075
18007 40
48613 64761
50218 24485
34596 5734
4283 36371
50015 61149
16501 53223
41378 50289
70448 64976
51007 55124
43609 66698
66629 83135
31147 69140
30233 13797
24907 66295
59880 9637
63205 84548
29448 64287
46939 21598
14061 31949
74206 74208
91694 66028
18119 41321
12846 32766
82090 21486
14068 51538
48289 83674
91852 78271
33725 54589
92790 22207
26377 20090
9295 56756
8323 77073
50544 25046
78037 66162
14673 18447
39027 54436
44749 16890
32397 28754
88091 7574
36492 49338
28609 53776
4943 30534
66093 56023
15576 79761
11269 84061
60744 33710
88901 67221
90271 62705
65468 15312
13131 6231
81484 48109
6724 84553
75441 85974
30190 28401
73878 37239
32490 42824
91420 10634
88340 20548
75483 75506
31726 84821
83897 29560
54547 72579
66264 65386
13992 82652
69217 85962
44779 84060
90879 36677
72958 46559
90101 70133
69262 84574
30372 70839
48613 84274
80777 28569
14517 82021
90070 68217
6422 64165
84215 25636
35969 17109
89588 54711
61477 46249
31833 37591
2182 35481
27758 17349
83907 26532
36480 21466
88296 7132
77339 30639
59544 56818
67124 36199
72640 26826
86797 69929
16109 41800
51876 43567
1631 15121
14218 27924
74307 63721
62141 60513
71244 25181
22919 13658
78987 39723
15618 83027
59218 74423
79138 14572
16018 61993
21502 60478
75314 34554
43397 29775
85116 56734
52211 63468
90989 67866
37061 60126
58825 57482
33230 45482
85349 32657
42191 9411
19285 79363
50757 70092
20967 15090
48535 74091
57490 84583
3699 6330
84714 77694
35562 85599
58212 59290
60349 5672
79274 57757
85028 21929
74745 21033
44297 7435
52619 56178
69035 76853
36304 68071
91481 67625
54635 30834
35244 75670
6525 30009
15148 174
61401 13553
70402 19544
35620 74030
50448 11122
54566 72621
81676 48309
7822 19231
33954 15775
3332 63281
74942 11707
80176 86750
41019 25937
87910 42626
21976 10387
14723 32041
716 63023
89369 24392
31252 31553
10467 79055
4758 36275
78105 5409
72158 60492
55164 1568
29633 13366
3347 3520
87306 72547
20595 78360
28264 55342
3246 86528
67046 79720
58130 41330
5609 20402
71024 59461
91953 37963
30995 51165
13394 71995
26062 8060
79297 43629
27243 48868
27530 50634
13502 1621
85705 75553
53441 4301
10568 77294
82673 51331
20364 8321
74441 72035
59452 65115
81785 9336
40126 64446
12502 76454
76398 13694
90405 12437
88065 18152
61310 49825
14700 51173
6342 71227
41837 55022
39925 54019
91460 5901
40268 80143
83665 51895
18109 29472
6665 43413
43572 69003
60782 16555
18155 20498
14749 13642
93738 64908
2035 53889
37012 85950
37764 17406
51995 69625
71550 2225
36850 85438
60598 56443
62518 18862
3920 84797
18604 5134
80793 12284
8252 21268
23737 46727
92284 63157
2312 9058
52459 61135
19081 18144
24670 34370
7247 20638
20270 4188
6449 26118
92598 45027
21906 15508
59928 59730
29380 54181
78794 72380
38132 80047
69190 13299
29446 61849
1686 53631
70016 51441
86270 30080
32630 45014
41161 1100
37340 25385
89087 9272
45449 3902
1259 71349
32131 11736
5719 78227
19209 57276
36940 61417
39207 3161
22519 18872
77746 18157
69039 18686
93874 85526
24559 41958
11152 45863
42428 48398
80700 12367
715 76063
13928 63080
38042 13440
3751 84859
60267 7408
78844 61263
16506 20520
16829 75185
3338 2457
77137 76164
85752 13985
74703 23287
86376 17971
49263 86709
37442 83057
63442 38803
74398 23739
20606 37741
5491 52697
30505 16445
48128 10339
22450 9594
27409 19649
60084 17765
91671 10468
13135 82134
79612 68806
71533 26343
51165 81208
84931 44683
56926 6681
56511 66077
74145 79578
43935 26354
82798 3925
34145 62972
41194 42607
82165 31171
2455 23984
5580 40209
39882 31944
48841 13653
94014 6609
19521 34133
36237 426
26864 1836
70085 51058
1926 19005
86276 54078
9060 75927
84277 34658
78197 49903
27325 28189
45927 14582
1512 29088
85338 86652
69902 56794
81249 11846
74498 12626
5833 7582
60424 3794
52103 79852
21968 50249
35149 82845
69488 74108
12281 64168
21804 21039
41224 31818
90931 77176
88833 11606
23894 81998
80114 68755
37146 52193
35352 9732
11098 40403
89471 81645
89571 85779
31960 151
465 15405
14857 15456
80650 18146
55971 7100
59755 49779
90883 35652
61790 17594
85991 63451
89588 37518
44301 66875
33133 38912
5095 65993
22330 75773
67080 81902
81476 40398
39811 436
16880 32385
49917 39795
8725 68050
60454 73876
68852 35274
90059 5574
17195 51064
66903 7279
74349 39604
15179 73837
52043 69901
23355 62983
37062 38938
88690 77480
39283 4791
827 66731
83889 15350
49679 34398
70647 37746
63488 72482
37160 78635
12089 68602
40348 83835
37235 1969
38306 45839
10028 57302
2317 81154
20191 23743
77883 55920
25026 34361
50964 35434
10197 3642
69606 41101
15570 18010
71774 57030
74840 46126
81956 76065
29137 16818
35360 32690
93987 67305
26379 33307
37671 7114
10590 26313
69818 70558
2582 39837
25040 80286
59961 84542
29389 2100
51384 75709
34543 75320
82202 75838
43626 43648
33549 61854
72882 30584
86608 25242
86040 29060
62800 57553
39439 9480
24287 27490
55822 44172
13835 1174
89443 30217
41542 75665
60566 64779
16977 10499
6786 9191
81897 15899
57420 52026
33852 71159
81149 9469
18533 67868
18922 25624
15624 77279
46568 42034
69339 44174
6625 83103
50836 77318
60823 10959
84346 25112
374 50108
50273 21097
36426 83519
35788 66214
6738 56932
85458 85383
4748 64607
44837 44689
34873 84442
26356 72726
91215 20359
45331 24571
78511 38166
61457 78722
8454 15755
26616 21896
43799 79249
23122 67735
17365 64934
58140 13870
48106 13313
81604 22556
12084 74312
65719 69916
64215 1633
41765 80583
84734 48664
70596 33027
34003 65979
6273 27812
26052 17585
5834 17288
8003 22806
92898 71515
79116 4448
50117 2427
29679 86744
54468 421
53961 36704
57587 86238
37840 74460
22608 22412
24988 69399
17257 62277
63561 74134
87874 73757
992 33838
19694 62991
3936 8135
22007 81040
52008 8943
11620 70548
45909 6570
59306 83330
94184 28729
57025 18143
54589 26653
84323 74756
15603 27974
46153 24717
18802 52214
17450 66354
62354 35061
75463 64783
56081 3023
76326 71547
37710 49593
60731 48539
30409 36672
55080 43444
10467 14677
62564 9087
84810 12487
53822 45859
10132 78958
67606 49268
37014 80252
30729 4870
21767 43059
22205 47112
75899 80784
65517 65864
11717 74162
35631 12805
46692 80720
46720 81617
82518 34537
44165 24410
14646 53714
45936 36239
51976 9214
28082 35429
29751 51169
10609 1028
65145 20531
12610 68431
29783 63287
74484 20656
5523 72287
64678 50590
48064 75083
22181 23847
53557 61285
50356 47664
76076 39126
40656 59546
9503 22197
66873 26186
48933 75268
89236 84624
36589 40428
18435 42285
62664 29648
79272 68124
55971 4265
77596 3345
48343 50979
27938 26316
73857 31521
56858 3761
72901 5297
26681 26475
77457 28988
17650 34679
15831 72631
43138 22187
49690 36168
90228 18886
78773 49459
493 18817
35366 51165
83414 5551
59025 73617
62370 51185
23706 12207
84943 63633
26369 42164
37903 3436
8239 59856
47728 85714
4462 56199
29460 246
28577 11273
66557 43720
8254 7645
45050 77095
3345 25119
90102 74412
41224 27273
93779 80683
87024 79863
68991 73768
63975 46583
43128 12721
72863 81646
73395 73538
5406 50875
51104 47543
6337 79325
37159 38997
34195 43833
50393 49669
45340 72093
50034 83623
62866 734
18377 32638
22675 43381
25340 72789
52730 43524
73813 39076
84748 70007
73500 10588
65140 20465
77929 7909
69568 9894
85852 81544
67703 1519
32011 27501
7602 7853
30774 66111
17259 49095
66732 2657
77170 23112
45241 8645
38481 7501
75785 63245
73008 9805
92719 13541
904 9351
54775 42805
8546 32279
76385 37424
66652 41430
58287 23781
60575 66096
52532 50692
49367 63461
89151 28803
77551 919
53886 27897
68639 82608
38305 42874
77621 314
41016 48953
48173 24716
56287 36100
81887 60069
62304 14900
10712 73787
55221 38458
59782 55905
62047 11020
69115 78016
23281 59458
63857 39117
76546 62160
13466 32914
69026 17981
58782 44504
54965 81377
461 66735
42017 11780
34640 74081
81794 19459
59858 9506
82789 6061
5158 42727
48886 32823
85835 74533
64780 14360
73297 36908
25318 12659
45234 14865
9680 69535
6031 86007
5879 58753
52740 56662
60086 79373
17156 2689
46239 3602
37394 60828
52128 71617
13435 55411
73461 51385
27891 65150
89404 45
93236 47140
89344 67850
3731 71372
65529 37576
30290 3349
79138 59040
4503 38020
61143 32609
94105 24645
27011 38612
74013 57029
60858 70100
48495 46166
69768 30284
13839 84568
75144 3851
66315 52042
3185 5026
4119 74758
78305 60489
57838 63584
3454 33501
4641 25285
89157 28525
26435 72605
39129 81027
21192 7114
71776 72126
28573 39176
92889 33071
37581 64313
39731 27730
74608 63759
14908 41247
75282 36581
4639 42822
39263 35759
7331 76841
64577 63737
72848 30648
53425 43672
75313 10508
71276 21314
28238 5641
56995 19153
8878 37589
73959 2709
76713 51298
74097 72549
63133 59853
77405 4147
45877 20269
73319 71358
34758 46247
63164 73483
75296 8260
71511 79434
16986 45791
1779 69044
29945 24801
55707 52247
22173 13535
47562 68200
84247 9577
85455 6550
76679 82505
87791 24771
77836 28961
39767 2531
66105 22023
8103 62093
28372 8282
16813 25405
25486 17596
90314 20524
30090 50508
22818 24617
86567 18139
70272 64648
17058 23791
87299 43366
50227 45895
47708 82173
15984 62731
44341 31426
85078 20408
66839 35609
20954 38220
89488 729
40960 55819
51510 49752
64375 16813
6659 7652
78359 27669
44707 9429
29325 60392
85255 44655
92187 380
33330 54211
60559 36187
57860 5135
50254 46597
55580 21158
82881 27892
25935 25735
59688 358
6593 3503
14408 33574
61016 31730
37879 81023
38242 36230
57078 23336
68822 60556
90895 83481
48052 51128
91406 4314
75453 48557
62388 86398
70015 50501
39624 77239
32499 80301
1558 11192
20595 69590
61637 65408
68171 59814
10334 15060
43158 41171
55241 66476
94227 22981
36568 41790
69764 31854
5451 79693
82382 80147
10338 49735
28073 36150
2775 37839
51108 70804
26796 60485
1806 48692
85131 68221
18651 86739
5415 11409
93362 64276
26906 39729
55458 16180
60940 78833
88714 4630
57322 6898
10048 19388
63097 12105
94096 11029
6325 9952
1428 11655
20110 2446
39176 65397
17554 60268
56275 2706
40011 57627
76021 83639
21204 60282
29986 25459
21059 52646
8960 69189
93927 30508
21885 61242
22920 43259
54857 80283
6953 65058
24905 58205
8938 8716
41054 71850
35697 48856
63577 76663
60075 21926
91325 83524
82650 78764
29328 14111
20406 48851
71533 63903
76455 14785
33415 53066
35692 42077
12870 64712
40999 82406
30751 32834
63711 72549
38009 43785
41662 27720
58585 54526
79924 2676
72189 27906
63935 71642
69716 21198
46503 35131
34219 58225
17841 17481
13218 69941
67778 77986
27032 23798
64223 78433
35930 19659
85196 43525
60974 53280
26756 77528
3062 81393
16969 81514
33647 60078
43042 47734
6631 46921
30195 44328
67184 23071
10837 86427
12911 86434
84872 51289
74788 10064
57110 44582
82175 56712
29333 62839
32913 47284
84146 75547
65348 28105
18899 15749
44429 43210
87282 32385
88812 82092
44883 32934
8642 85755
84936 5961
58791 37817
53818 63087
88741 22304
59451 51964
21604 73211
70650 15337
56603 48045
54061 50114
4565 51184
50210 40602
63321 38404
68105 83442
11132 27417
68334 18894
55572 45086
4742 30923
45668 52459
65230 34866
68463 57224
52841 73886
37599 18655
7612 62686
24398 80556
63101 49899
10796 21635
59428 68657
13450 5404
19911 51594
12473 38855
62929 30422
53801 86304
3087 70411
22437 66525
32920 42262
80844 71603
73037 71781
31539 795
77730 44704
84946 261
13310 30848
92524 47676
85324 27095
8206 21280
39261 50298
91296 76519
45742 44612
63047 71600
14181 74817
35148 10774
20951 78367
29948 23033
89491 55740
69932 33654
44784 61712
90241 35903
54555 40206
50526 36001
7352 34402
93802 54519
14218 8175
59359 52839
33759 17315
5522 30523
54481 33931
78842 49172
57012 35236
5728 48550
80447 36553
59517 27408
85879 24346
64043 18677
8506 64927
6787 21517
47263 19199
70162 53480
32421 46556
16630 15870
60477 1654
15902 17989
84769 46182
63637 61059
71639 85584
87901 11035
42719 72509
47020 13513
76606 45370
10658 54491
2992 83977
54837 69354
60020 46284
49301 33704
32841 13072
51495 729
18364 6722
35189 23223
350 11445
53113 36613
24864 26215
84513 46152
36737 59249
33888 80818
48655 80149
89919 45069
90411 47540
63604 49166
70301 71551
56624 81535
41195 53931
51534 25653
38091 78474
37683 50275
83964 24273
22036 28439
62313 85329
17236 35188
90478 58959
60054 5621
8360 14984
27418 58365
33919 55193
51090 4863
58996 85365
87055 42666
6202 33408
38910 46559
2654 85538
70058 72064
60779 48077
18671 63667
68037 80774
45572 70093
22310 83394
6641 80830
82756 20929
55280 72363
74759 73754
16584 9811
82936 45628
42693 43006
89376 72831
25340 10994
55471 80768
9991 38301
53080 2191
27509 784
63284 76467
49885 57661
14871 29883
70981 20649
12771 82822
6283 43060
21822 26934
18742 39021
14767 74782
11265 27481
91962 52319
82578 5224
3390 62404
67336 27153
26668 85269
73610 44039
71304 49663
51608 83374
54622 15956
11491 23167
31560 73048
41658 40842
84579 38741
14143 13479
15991 63454
73673 47971
52214 31873
27134 26413
37953 58240
47039 51382
29904 75242
73837 86749
10814 81503
541 65299
89469 77796
48145 10613
70287 11205
595 34573
76280 13079
43021 36729
72377 10577
906 4851
72233 56885
57032 23482
33087 51648
90360 17600
28828 79381
46761 72146
56870 32352
19967 78346
73400 35096
12513 85828
62962 21268
52004 81700
23899 35612
68820 8793
86965 84585
29788 70165
81016 72382
35618 67653
52487 28900
66115 46115
22451 81721
14733 6694
49238 19133
41337 6413
22411 29338
75852 29470
709 9844
29766 59591
49935 82821
15728 33664
48936 11752
60239 48077
25022 69736
26129 27448
15794 9318
70352 60562
81864 60935
19413 17756
20643 32506
20829 13188
76643 46619
68513 61790
59373 60756
34018 78159
1318 51879
7750 25682
22067 63474
91546 56170
83799 77743
76843 81112
87411 21382
63256 57618
67423 40251
23976 53657
85284 8037
2173 80771
40543 50149
42250 1947
33119 71413
54068 76152
62754 85861
81800 48355
37065 22632
37553 68792
5287 45391
68037 45747
34117 66644
21548 47145
41327 19018
67407 40984
30737 18277
90776 32305
68031 83632
26885 82567
92047 71587
33889 48117
24564 53110
65597 79537
68530 75165
48223 86488
85663 43548
12313 28368
54793 8166
49957 7028
80107 81329
63956 22620
4351 21612
52301 80810
87099 49105
21499 7015
79370 17289
22338 74486
78866 33841
31100 41814
22661 61876
41866 12581
21078 18324
68199 26978
22348 23522
47853 51357
45756 10319
42244 54370
61192 28872
65345 68562
40149 73012
27508 35253
31353 71453
74918 35626
40921 61127
8878 15191
90743 23485
7949 65543
21616 82021
43630 45364
45831 5495
67219 2758
82594 10298
13950 52596
16686 38835
49885 392
23432 29917
1316 23889
38258 38038
89662 10800
41216 4450
83018 62193
53157 9358
78818 80568
63287 51355
17815 18860
62644 58061
8881 65865
85979 61108
11799 7412
87783 82668
86799 24924
61859 4627
26803 22739
7865 28097
34317 19417
89904 23781
84616 12092
50767 78788
74981 22084
91345 44897
76775 12016
61080 45984
39229 14495
43449 12706
20663 69662
91734 64758
20069 21628
92568 77040
70020 54635
21419 16636
80456 72228
22398 83547
52412 35130
79569 33952
32405 47468
17122 63014
63755 66977
3164 84558
14968 16215
75370 48317
4924 6809
22595 11625
27618 86569
30546 10381
30644 3130
42785 56938
76315 44856
8189 82675
71282 43697
47132 64758
85961 45893
89234 46607
9831 2742
29688 19010
20726 72252
85711 6707
53426 49793
65319 22827
86642 48522
64447 74128
68986 21197
47610 28405
28443 39810
47422 35902
50317 21363
10723 74068
33166 69981
4187 36336
84814 48550
53546 11919
82305 7223
6000 17613
80602 86753
89260 25914
44143 20754
22203 31664
2169 67935
66089 8377
38249 28246
21384 28004
28594 32526
647 48982
4420 12844
2452 28642
31968 77639
47993 77735
2809 61392
76376 21641
83745 39873
23102 42211
35406 32775
93288 74786
45995 34778
37901 11591
81360 43656
340 22100
71853 56218
71110 31599
61623 36174
14099 73864
67267 29464
80671 15738
66780 77293
3683 63627
58046 3738
90864 75766
84352 60895
52690 22246
11185 29168
58333 68603
8936 67992
92373 14903
54489 20125
7353 842
72041 26032
45906 21584
84345 2544
31665 40257
84325 72662
48944 40138
33608 49441
16311 65204
33642 79219
14874 47971
38240 67870
38150 35749
52327 60478
38135 5473
55831 58368
53184 15782
28993 5576
10758 61094
11748 83414
89332 62689
66503 16010
69374 10857
61143 83906
28649 40824
91978 18246
78453 77019
41423 26107
38684 32833
56129 41502
14958 73785
49955 82557
43175 62406
47911 71845
71401 57623
62480 57393
61643 84660
31834 55725
84261 57
36334 70840
2084 29168
23111 59298
46775 81694
2184 86184
92458 53440
5001 31500
65526 122
34248 24917
46223 63458
25002 41144
52491 43376
78778 34437
72487 75209
24845 13942
30056 17553
71606 10345
6580 58928
5786 12163
41203 36101
35442 1606
63056 4028
23099 31661
77640 66103
21670 38178
33021 83870
22473 45330
33462 41275
54350 55617
55847 77926
54119 50698
61210 20520
80249 16334
88541 40152
13241 9048
15710 84672
41109 74308
55186 38108
36435 32780
22780 59811
19569 62331
84442 50352
80401 64106
60284 2671
2548 68549
75029 2475
93739 29410
14945 46051
15083 39419
33768 80966
60160 43742
10870 14618
58276 14045
78102 30470
17948 65379
14258 66303
21793 34134
74763 33577
24624 13700
17387 62159
33188 10927
74694 83658
40016 84043
16407 80071
5561 9156
92085 56312
64025 46669
10116 51882
46357 27210
32513 7800
14445 3096
76381 70648
15039 72274
4653 17554
43119 74796
37126 57012
1403 39701
83233 19475
1662 34488
17139 24816
73396 66400
20122 80109
2143 74067
45961 9337
51167 60719
70989 46695
47508 34652
31630 76819
7179 41892
86871 39456
40622 67029
55804 72395
73878 1390
59624 7683
48465 60586
27512 40709
15644 28857
22431 66890
43082 34759
138 26959
72223 27447
19831 2529
44476 67603
80386 58729
43299 81658
48592 53338
20813 74729
75430 28482
86157 32579
64133 62458
89747 21163
22189 38935
86277 40407
85470 43053
61638 4946
58882 84616
79309 54315
52669 34962
50843 50190
43597 31302
3301 70989
28177 44965
93054 25402
10204 1409
3923 20645
67383 63262
3981 7748
53326 71511
59162 1846
79638 13081
44340 48842
2339 26448
87037 19520
38937 57773
53413 64031
31668 56793
69217 73044
89445 85165
79101 13983
13601 38912
61487 73427
81835 27945
30426 80013
56654 59976
66621 55625
87156 4550
2152 12286
80097 8463
62710 48389
62497 64187
49013 52104
18611 28285
47206 41227
15214 7933
87375 22698
42923 4985
22837 80907
85309 32231
55242 50480
51998 42625
57315 32383
54844 2640
14599 58503
70120 21890
84573 58978
78629 41110
17511 32720
39762 34827
72726 76028
71557 35172
82025 1951
51729 83363
37273 41425
78412 60486
88065 46242
51091 82130
22351 39801
45850 60342
11383 84848
7599 36015
59862 60749
79693 78619
719 23657
75732 13708
83555 61775
56852 69937
65621 54478
33577 15370
68864 31225
50903 30320
84776 6970
84569 45089
34093 81250
88437 13193
6154 68337
84014 61414
74820 5734
10509 14905
49114 5309
86715 35528
31704 60996
40461 70149
55857 12568
32932 79829
79387 52686
17182 52127
12025 33818
80603 8627
42845 22893
77518 46940
82107 67604
24040 63724
52151 40366
56896 69176
70863 82289
13086 38452
6706 58795
86264 54712
60222 44639
71236 41829
57963 32136
60317 49142
79257 7349
27279 12573
19886 48983
50264 82549
38486 226
65092 66444
49108 70267
86637 80015
28312 46786
18376 52437
3691 55586
50431 61794
64214 76020
33376 64799
40137 64685
92349 50001
62820 54350
24678 40989
35027 57250
57052 43003
90634 47611
31091 34628
56401 47410
17318 25881
40615 82071
90260 28500
4758 48294
16793 38793
52382 21480
86440 16292
59112 27505
82453 52517
63134 82539
79624 26348
48545 65825
70053 81510
62534 20286
32262 80950
24523 19123
92740 17302
59319 50476
10378 33951
85436 71793
17914 23038
47420 48215
50776 80841
2982 10911
5757 43682
51454 78298
78206 49087
76104 38030
28398 78178
41173 34102
317 42838
47332 79698
16982 24404
9932 37636
47671 15838
15181 51955
50079 31437
64007 29933
84067 54367
79135 29297
69292 12032
59283 62313
2041 27370
85673 70817
35221 24646
48879 22742
8783 26234
17308 8915
30292 42728
19086 19048
81296 73437
23763 61930
48132 77753
66234 79239
12934 76307
75078 26341
17177 32480
92445 23006
71019 28412
84975 30006
11658 47414
73885 10470
11425 33544
24135 11679
46107 58720
78700 85570
59948 65830
15839 48634
28071 77830
35008 56760
57824 66453
87502 771
47607 81206
9096 38229
11340 18048
2698 62822
77358 59658
5813 58921
4630 55533
85911 81243
78294 38564
2410 24877
4531 62099
58896 46701
24078 15596
31360 72636
49776 77555
30228 35111
52905 77351
73333 11819
89912 57932
10870 28488
35349 73672
49263 44821
87055 37200
56492 10332
38218 81879
40623 18864
12115 24468
40553 34958
8735 2727
27925 83468
81378 46322
44586 34459
63943 10401
65134 23867
88981 40363
901 67688
80667 22846
52964 13299
61969 58405
56016 48634
76515 69962
34898 5410
40390 30176
37287 22263
15310 20350
77645 313
37263 84433
64531 84165
86232 24375
74409 33598
54873 83516
46249 55284
30791 18627
57237 6582
12266 68916
10894 39387
79457 85125
81205 11356
76191 2117
27067 46657
57782 46146
48380 9824
5995 73527
80689 25839
38626 78173
48318 75714
74423 68937
400 19379
28103 53751
61822 45580
9690 72453
91929 15714
25497 53491
72693 35802
31538 55122
87311 52871
90102 77144
20349 32975
43348 40168
22932 24474
47875 25498
40455 162
62418 17056
87827 43585
59242 29603
83262 44934
91217 82934
92734 85596
85479 25738
54220 59835
19229 65513
35016 60087
1419 51688
92308 74412
29438 6418
44221 20966
13158 28293
86742 20010
17204 74726
86416 58384
56030 9101
30033 49169
34703 59265
60746 43056
34967 60575
72115 72788
34612 21816
55736 5839
3594 69775
16568 73195
14338 55636
30116 60930
7766 50364
84805 83845
68929 28358
30232 69325
69086 45177
60363 62792
72758 67775
36631 80813
13719 79827
59171 35667
82413 64250
38406 9608
75102 38211
52844 44218
14389 31913
8682 74613
21096 28073
21689 57106
88873 56897
89291 22551
16197 50329
23442 19665
34928 73880
53896 52192
21770 49342
68876 49387
85501 21720
91514 24235
78693 68357
72832 11683
92506 33050
85734 186
23148 82420
26130 83540
47554 37807
68420 54815
5860 7514
23203 8609
75293 21730
3886 79274
37063 48210
43774 85721
6877 59818
5615 73324
19670 9277
2452 22651
39998 40892
75967 765
30521 43165
45596 20662
7907 86579
53873 77412
8625 31148
69873 52418
63080 26183
471 77926
41446 14446
40864 23593
81379 3073
12912 64745
42044 46866
31294 44970
86459 9467
35260 54910
41289 62208
62842 1116
43069 14593
12939 77941
17925 35874
5221 27486
27763 23577
90811 71530
62480 37822
76453 11225
23342 48178
60583 16570
67454 10411
71207 46452
40981 32471
82055 19944
29098 74141
40576 61726
67935 16243
91405 57238
86814 71810
48921 37674
48769 59029
80172 77327
18968 70353
20708 48556
60897 56735
89983 55659
90016 60957
47455 44444
63540 39422
93566 84071
45808 49567
67147 74562
83347 48903
87522 36461
86073 31173
24681 29109
51070 14391
33577 27730
2135 20546
22076 58456
16214 58729
13915 11523
75453 19401
67236 25478
48034 51377
77171 41045
72431 12078
47746 44975
26596 82405
19607 58604
29117 25979
84191 17783
53303 22107
42375 15120
8711 6816
6150 66713
62569 38108
25109 25583
29111 62988
19674 23363
92100 17252
8289 13343
14573 81271
83448 55148
376 72871
27635 45224
11686 80501
40945 85145
54091 43450
91509 30970
52842 12101
83102 71208
22996 23185
40285 13825
64799 41615
53841 46300
84292 84543
38722 33005
26630 34871
39284 12817
93598 19698
25718 50089
68325 33191
47029 72597
93274 82510
92937 29112
44824 19755
71819 41280
56409 19665
11474 44503
33735 36462
63719 80683
43518 81257
54856 32675
51677 60063
78348 65851
72876 74966
1555 52111
42702 21720
56923 84011
61282 72193
18956 75099
5719 75095
48961 11899
10730 4473
79613 79159
28541 5160
90979 14229
72789 73358
13698 38518
62402 72078
32488 77679
49381 21407
61342 68999
64060 46101
56994 27227
1000 31988
10822 59586
84321 44459
44548 2011
38098 9604
46243 10418
84318 79835
15047 21881
62482 63441
67441 44513
63378 17850
70368 5915
60876 1678
47365 41119
36239 17848
73592 22553
25434 9655
10794 85998
7300 54338
38519 37415
45407 68471
90711 52151
25319 85783
246 11106
80293 76261
92101 80873
78560 73232
84334 29934
78194 86118
54581 76750
77906 32277
408 31556
31676 1555
16593 61279
17422 14197
8775 77340
81190 36582
62375 39081
86014 49369
76399 78275
23407 22339
18649 6001
67262 19860
63925 10189
35560 7463
2747 72937
8055 11759
9795 10848
63631 31426
31487 28886
2642 29201
16476 5932
8968 3072
70036 25447
80283 9624
21665 69020
39192 55732
66867 79424
1195 40397
87742 65104
66516 45602
34349 81788
18716 67659
82260 65813
66088 50103
26919 39124
90023 16621
15105 3910
35540 84776
65679 86075
85075 60043
70311 13315
11548 70797
3466 24338
88695 9939
53533 19667
76573 16367
6336 27845
29733 11564
51733 13004
26642 50364
17064 48737
31867 11913
28808 49920
14815 56955
1660 7126
48259 17044
69221 46547
64179 46079
57142 9530
22366 8694
16842 47804
12294 5989
1376 3577
52241 9089
78217 25067
83405 72856
77852 39095
75713 2268
15817 2179
15378 49815
59869 6219
85219 23610
58151 66186
63481 76487
72444 44390
420 66650
44226 36736
2278 2966
44715 26414
34157 20309
64660 44224
34224 61258
22212 5888
80046 33176
59600 56843
79825 33900
39761 71333
75721 16645
39310 73381
53916 24999
87628 37653
35247 1503
12303 80176
43264 82275
20523 38146
64825 37629
59734 55042
13857 25072
62404 14937
27357 83932
6787 25831
20135 60089
77082 77634
43086 22049
12464 66080
71325 42740
36369 37912
66122 30731
73836 73378
66938 19420
45103 50427
22573 86257
40338 43824
90446 31472
79046 55561
63263 43767
41689 56487
92627 26342
781 66218
78406 74961
53280 45038
68059 62920
82764 76291
82763 79569
3845 20142
64055 68544
37118 16438
83309 59690
90518 29973
39327 59563
72102 47322
3523 73707
15040 64346
34706 33358
91840 51440
35295 66764
56441 81839
11938 38204
69578 67769
51553 30075
44304 54840
5332 32524
60556 5035
28733 10581
30690 24113
53845 7930
15196 63647
78241 71926
38384 18910
38705 38941
65975 45340
16914 14142
49161 31091
53882 58365
92520 17597
58025 78158
74874 72915
513 48293
65585 35681
29801 63792
41987 21557
38076 49342
43245 44548
52269 50057
31984 36501
38065 12097
24092 80968
12014 2245
6411 14791
28967 11775
36733 34847
68959 50977
45491 63367
79404 83967
17233 71271
6649 45715
42939 28538
22818 35818
90105 83854
43715 23408
72872 16404
65957 47195
91423 56984
76697 79042
57491 65876
63359 76851
28 41293
30398 20448
64533 78663
68059 22549
24617 44049
52296 52187
24197 31363
8145 45473
63129 29910
4090 4970
90507 593
82433 10191
15382 61927
10587 62828
52770 44373
29716 64048
87486 79468
89592 84559
52885 79584
71020 2206
41070 65322
53209 68307
52552 45308
11908 32798
86624 71061
72422 57645
59786 25510
4352 16973
3371 8423
30014 31308
86259 51122
17833 40003
27851 54629
24892 42771
40640 67726
23891 53795
23126 47631
93721 23622
79887 82153
74726 40566
47055 48580
9651 69486
78271 3897
60785 22156
29270 1985
37991 19896
87297 76668
11716 36757
4389 12166
2206 59072
3264 84637
11381 45105
89938 3268
53517 68420
55055 11321
17286 57755
41006 58388
25852 77196
62168 84397
69062 86687
90173 73636
94167 26554
44 33532
91760 65604
57901 43287
63142 67139
89166 79307
52721 24869
25056 79306
62795 31015
80104 26057
90591 10804
8994 4999
49686 8558
13246 78368
62452 71056
17813 83496
400 34971
91363 17548
36139 84629
41590 42793
47426 70137
82715 22967
51658 28959
48990 69822
83507 75648
29430 67899
48718 31705
35725 50853
5517 14023
38722 85101
4374 3322
33870 47692
18569 67722
31527 4488
17671 38452
73184 54916
37080 63063
24945 26712
88653 25432
33100 14559
8121 15437
14846 47622
60123 37522
42256 32383
59956 27334
57599 82100
31567 41996
26070 40550
3406 27919
38782 31621
59547 9429
90250 80060
93787 6781
10527 82639
64804 74452
86529 62179
76773 63948
66361 24104
83278 902
81352 55597
60609 9124
65188 4509
3454 78305
19060 60489
55248 64640
11779 22057
61286 85013
48443 34763
42543 61032
10530 18393
27639 84541
21786 79801
66818 81875
77277 2261
37811 84099
8013 71315
19611 79705
49119 35806
22917 77757
72961 40351
50823 75860
14274 47554
64929 56065
72557 20859
81332 10899
68010 17851
8213 47493
4778 84486
10534 81778
10270 67302
79093 10098
44929 85278
74144 32367
50615 80723
25716 13687
65389 73710
61389 28368
1573 17317
68551 67629
67740 55492
72626 71694
74299 58399
40432 41091
57912 56518
54922 48001
76202 36469
15850 22311
24683 12923
52431 50417
6461 62654
19322 77031
19849 72026
57868 64778
69513 31673
28460 8396
49091 85337
87886 56706
76152 31876
78808 39545
17333 79088
12707 64917
29623 15709
78467 82634
72435 39193
28207 14356
26241 86228
80256 5715
41616 9081
21462 68193
73585 47126
67312 69175
28832 66296
13217 77652
18900 52378
81368 28354
91499 62993
89664 63757
7601 27576
44508 1202
5951 82769
89984 48841
79691 76669
91959 24350
53015 62603
17025 65448
1875 23595
81467 36153
62572 25417
28761 76675
14511 20252
43835 65435
37912 84370
4885 24969
46242 5757
84518 36509
3178 38500
83085 80275
55197 67456
90023 57960
40827 15845
65882 45665
84142 4928
43412 49584
22585 36356
89099 16699
37849 78110
29545 47566
14450 25126
80950 28576
18400 18073
79369 33777
82354 22426
38695 83810
13018 40484
26145 68083
68700 50048
18145 11160
63290 69606
92455 44426
77336 86313
10668 23506
41126 12980
20999 38410
81184 77534
78847 63580
91254 63190
9423 64238
93803 73973
55004 40195
52344 21740
40517 77777
32054 73551
64252 37908
89477 52679
83976 71443
5055 11309
6909 34181
11161 72190
23163 70698
32060 58586
32213 8879
22104 47915
32814 38767
22190 56314
75778 33432
19459 81366
6009 181
48376 31860
23975 44971
81240 63124
59263 86184
86185 17613
48192 77858
6240 81834
19161 70000
47606 54758
16907 57197
92237 7051
77115 73093
63719 56147
86822 21479
60078 71516
62787 72476
80456 26569
30996 29871
29416 69888
73456 80599
62982 45834
53380 62153
64521 13172
60042 35254
50697 19271
61511 58725
76501 43638
7852 12509
32565 19510
51029 20587
77456 40848
2732 70718
66433 81790
84639 66007
71942 20465
71206 25154
34024 68884
22451 28533
80491 27455
74052 26551
70967 17725
26054 3713
66430 15853
42402 31645
32690 20993
82642 76105
80151 2762
17593 75297
44571 5408
82482 81009
43036 33182
12583 53213
78138 70856
42724 73376
75963 51823
48303 80679
16523 29531
1667 62501
90087 70223
3860 7212
15027 70167
84421 53471
80293 62020
91020 76460
5319 73192
16362 6116
79793 3219
22998 33472
70637 75329
50620 57318
35530 15990
65312 29839
72708 52335
18649 76108
2874 36353
25500 46213
66413 68573
25913 13118
33795 7326
50086 74923
66732 72221
73226 86211
41776 81741
14506 3128
1608 82956
40746 9403
19350 58038
45480 73118
62910 83986
18702 34760
32251 61949
64945 56795
90629 1159
22540 85203
11110 77996
73146 2163
88107 15776
44802 49766
71389 58527
12688 49597
51735 85485
9005 78439
71497 47685
26099 22864
13944 16230
42073 16481
19725 86157
9329 45016
80953 73938
82904 34129
28066 86080
86671 27397
42068 23590
4019 66315
2947 57276
91303 69836
83146 19979
66217 48292
70323 63027
35946 69975
40901 69548
86788 86899
42260 70988
59238 63243
6060 70954
44216 7897
51955 20111
7030 69806
25083 26685
43489 75782
48040 19846
57280 48415
50800 32883
62043 66778
43752 16343
15264 21012
6399 57684
8672 28597
72799 84642
85202 53175
36791 42743
66308 46228
54952 18840
55184 86662
82543 39461
72579 15420
5619 42465
67717 39350
11836 20960
50009 46301
21995 63448
50444 33607
50737 70440
27110 54614
9591 42022
9092 53547
48450 10429
11087 77309
68859 72946
41058 79663
62455 72018
82951 49542
16891 10891
27122 28063
71678 42065
46888 26100
8382 24557
89571 42152
86004 29996
68431 48139
42502 37198
93803 17040
70341 74248
981 20402
92829 39077
70623 22414
3791 49853
63639 54754
11519 65340
1730 60893
27922 21475
11681 66069
11626 42849
69165 35963
2733 6637
17630 49604
68682 86700
21076 81164
19121 19362
43007 61689
32191 13530
3797 17147
92639 36180
22032 66285
1502 11882
9096 67681
28118 48004
69705 76781
67510 43996
43742 12163
23923 5289
32079 57453
24244 68717
57210 45835
53401 70809
40323 37753
47149 79249
2929 76455
22278 12028
26993 72441
94043 39251
76833 4728
18593 34113
86297 32045
87626 57895
52841 23239
86420 29494
16726 39769
21252 55841
7847 49962
8536 73919
68258 81582
12392 74619
51603 8172
68958 53878
29534 12520
4662 7384
10661 55900
2987 37690
48313 84210
28154 56094
14540 8160
71309 34870
78703 15587
59732 77353
72161 25743
12374 1026
12701 48501
88418 79233
52013 4460
69279 64742
6687 10288
63119 85866
60109 13637
75914 59936
8332 45635
23811 33570
55913 5991
74477 43255
63004 43158
38437 27014
30337 53559
46510 35569
2874 33411
53393 30598
19067 5180
34866 70445
34129 1391
46976 44993
45154 9977
36921 81829
68097 85953
90955 47750
70782 70682
55488 71888
19053 69728
34275 24072
38622 2232
94188 84405
26448 33659
93317 13486
5752 86324
70329 85056
32396 65168
38236 51219
13518 27365
10993 86668
90000 24267
83632 86652
28910 7325
21896 5008
57761 54122
10661 57890
7600 86026
63615 18001
45964 70084
33244 1824
53726 10458
1797 86823
58325 73129
43995 1061
36494 65734
90883 31724
6695 80712
45046 27666
46193 17166
46617 48157
94033 55334
84673 31329
75983 63051
37833 22729
12065 3140
75901 6350
61214 28741
83344 70632
12035 67301
84671 27
14977 14959
44974 75583
85173 10549
39306 1215
6097 46957
73054 12402
50454 47891
50354 75136
40158 76392
40059 36522
61328 3713
91623 19503
13734 12238
90903 63297
44080 37585
75754 62956
84176 42621
40887 42540
4359 37120
11110 40178
3733 86517
83841 74915
7950 23128
44320 56344
60817 61332
73252 48926
62751 65769
41016 47670
38950 48929
61018 82283
93626 81004
23338 17558
91006 30515
4349 75762
92867 51432
6283 44724
76945 1788
79792 17683
82042 45703
26453 406
46872 28986
61593 43483
89200 12790
7181 73774
47218 77982
43544 9593
4604 71078
73674 66491
16555 84100
78116 10445
71919 36066
90039 38915
31616 81271
14591 42856
7215 23419
19301 70902
68874 11355
59435 48350
75094 6284
17891 13233
86882 60084
6107 1704
24563 47260
19988 22197
23936 70499
29250 2609
69274 77911
16570 43298
3769 18449
79849 38290
21824 631
69868 32201
42965 65642
1388 5582
26135 1402
83062 20627
68278 32255
58785 56875
42076 62878
58788 4368
81271 2422
92647 1038
85575 35851
26181 15072
35851 43497
76528 19685
51404 58525
66857 66113
6957 27563
56450 26230
35383 26473
25564 45161
87483 54986
79859 36873
40932 71001
31100 41668
42663 15762
58498 51347
59640 78785
56366 63101
94147 2327
42466 80462
93031 81566
74650 50657
69614 30283
58323 11359
34295 71944
89267 52096
87417 80618
4319 21249
22090 35453
15851 76338
53353 18098
84821 86045
32766 75961
4169 65374
27763 65748
81921 40389
39863 49061
84343 28783
10154 55591
85598 82230
11592 35614
45832 58281
45156 22508
45349 11083
6419 85910
61189 45287
52190 40525
71775 26688
63145 80028
29054 40880
27330 82362
45073 10751
9161 60183
29120 64748
45710 396
75898 56270
18485 80785
75392 13113
9491 79502
66574 76281
93833 25451
28891 81376
68534 79564
91562 32471
66918 18253
9846 47734
31819 79083
51152 34723
76951 40353
88627 3957
15195 73679
79093 59626
62744 31928
74781 37016
14570 28547
56778 71516
45495 12776
31525 984
24512 18059
94070 27652
17579 21841
53568 9224
89106 61005
22029 46327
79798 9049
36935 38700
74378 81498
82972 68927
65894 50343
80280 24470
6701 70064
66582 38348
13786 32676
5612 37780
71657 19934
13712 1739
16161 80341
55425 27279
7023 50512
39783 19856
37991 18528
89786 46112
39523 69912
51771 73850
14446 59415
76198 40052
74420 40674
55114 7351
30044 65426
44487 32751
40883 7457
51022 43403
43549 68218
14489 85780
52625 75378
71279 29501
8141 15378
37717 33792
80017 49228
82187 39221
844 47827
11773 68809
11906 80165
72396 20467
70122 64474
72444 49896
63098 22040
47336 81513
61755 58056
54789 26723
64573 29383
8840 1412
13725 59651
28456 69729
83079 19096
67648 77089
55588 73594
17313 66078
59670 20082
61606 61571
72640 71283
65023 53091
77079 39477
23747 5641
79595 45772
26829 49298
46092 56840
8818 12403
65412 2476
73032 9593
80138 22106
20352 32886
76329 34361
87683 33101
23426 62077
80361 33909
70555 75571
89347 17815
92994 39580
24097 6545
13682 69468
29448 78870
23409 32797
66271 79135
85937 27001
30000 3347
40987 36876
85533 11309
22632 84741
50836 68647
52134 55910
29398 45072
71530 65489
46885 7481
49103 16271
90577 86246
82372 25488
443 13005
27746 69922
84711 21678
17698 28824
20990 36897
65239 31946
75669 9450
8655 27281
8084 58559
6843 32545
17475 14534
74381 41456
77290 1811
84970 24853
80232 26025
82894 15519
42719 82692
6417 58660
43599 74110
75199 82502
73553 67809
81845 82440
49225 62228
22708 86076
52237 38297
16143 1683
11977 81519
30711 9815
18876 19157
43485 39226
11909 14595
79672 14788
2758 61206
7520 21405
6607 17309
71880 85891
48184 64492
9686 15552
78396 4907
81165 8665
51561 69143
35972 30478
64799 32835
48248 38534
66648 86366
41896 5200
58942 17028
76334 10994
14366 62943
18554 78763
7075 5640
55366 47073
115 40558
18860 40944
46657 23887
86630 56204
62408 47510
11541 5199
34300 15076
8341 53033
13222 10811
50020 26730
52610 56924
64460 84596
18574 84495
34466 83887
20332 30698
67980 35667
18958 5347
86500 6304
48336 84734
32764 33400
49955 39169
52293 62046
80546 31540
45493 20222
59929 73390
28562 16036
52437 17984
31396 34781
7287 52216
44556 57245
93677 2322
80968 19609
61267 55119
9815 26395
39376 83110
77413 21836
89100 75800
83424 5817
74802 21577
89458 30479
91507 4867
29274 16854
30334 10389
14461 60257
7684 22854
44520 69045
20687 83838
84350 27675
19902 67261
92304 36849
50935 46675
94198 43727
36227 34490
46962 82305
57818 15543
85450 7689
57219 84915
19245 41359
37758 69623
33569 39729
7408 66338
65906 42464
67049 9865
4959 50083
4518 68871
79196 10472
90904 65935
42597 35530
36129 39774
86285 76481
17598 69614
2614 81703
31356 60940
72772 78792
38735 14784
12860 78274
30052 43699
91946 68458
14710 13788
62974 8895
7947 14311
69396 71902
44577 84535
75312 28938
54163 43103
15001 76367
66106 16279
62623 24171
55050 53237
39625 73536
79860 56364
68522 63716
3351 1921
30524 51472
43383 71579
32495 35552
77550 4521
60198 49076
169 20983
63772 44522
36662 4053
7241 37969
22688 48333
9558 57074
47600 37517
79763 8012
57550 52756
89972 36881
40385 2299
19240 75233
60055 12107
51692 34845
45978 38965
57846 46753
26933 64272
8000 5422
38889 54373
78705 15773
53827 10437
69049 11212
12076 10414
67110 38291
40919 49895
81844 28082
71849 41685
31737 2224
58367 21660
14095 1563
70971 35794
35968 80638
83559 33331
7472 31231
67423 8164
61152 76906
7378 34151
15993 21083
71785 27265
62087 75127
70157 54865
83742 33392
28036 44013
89974 59639
32156 10605
63188 56395
31715 23570
53699 60542
51368 47476
1157 24379
42657 62837
2518 37103
72744 30558
23644 49681
23915 4375
94142 27714
62514 3823
2806 50340
85690 1182
71142 57748
39034 34035
34896 84600
77509 39341
66189 70743
43204 75821
55956 80826
7083 3457
34022 46437
14462 53997
32924 5295
19910 79643
6948 55525
63516 40879
68325 73566
15234 67508
71864 77283
39990 84740
76268 43366
92927 38419
91796 27467
11198 38814
23701 1757
41173 11552
80632 38302
12186 80297
17590 10891
29455 80434
85113 51558
60804 22482
4973 51602
79512 29069
48560 58085
82735 59930
74067 75022
48051 5848
59431 6471
43884 14538
34323 31458
75328 5455
4127 85082
58697 70678
33413 72793
27351 32426
22725 70675
1093 33341
16124 55453
67252 22737
13677 16066
38236 45859
54297 17919
55539 25774
13643 27174
81413 40409
12768 15582
77305 78676
41287 5285
88726 84545
38147 75658
70658 84215
63365 82069
84538 74971
82269 33878
45171 85777
68418 4621
54773 17728
75444 26516
5321 32815
8222 59099
67508 65263
78894 58359
45798 38380
33968 76586
81518 54560
33368 75043
90418 16467
10043 40013
56614 35701
51594 13782
34577 12019
57410 38275
51788 24862
33612 14810
1145 56475
92933 5158
6370 38595
24018 49623
86394 12705
80787 48057
70138 36656
67842 72397
84584 78907
46679 46122
87774 61277
74145 24054
61229 86674
39649 63603
70875 7124
42418 75261
36129 4420
58292 10408
44406 79739
24634 22979
20213 48944
43218 48114
58070 47004
61591 67700
19646 37353
7678 34225
58310 46290
9247 13733
68715 43633
21522 44752
66228 17415
13795 67756
80468 52400
38263 25252
6323 32227
31059 55888
47725 52590
73144 41076
19638 68050
24964 10047
8781 15658
63029 63334
2228 72716
68491 30361
90725 67184
45140 26225
75943 56517
33944 59330
55426 43222
13102 36774
67635 21857
77791 50815
63998 29970
57377 11939
37589 79808
26976 14777
57789 18709
65380 66480
73982 45105
1117 72727
68431 2409
11525 72860
9944 28467
85412 79387
85133 66776
6129 35877
47913 59761
18697 15076
77574 49364
80831 48008
8535 15885
1802 79904
68170 30513
16790 48462
89515 10445
42031 23628
30353 51258
27497 47825
77731 58
79973 38627
43782 3918
89629 26548
67725 37486
21196 5343
31402 79995
74525 75427
30534 56365
75343 23914
9235 39232
63068 80074
38021 71284
52539 6945
91707 54115
94189 36644
29160 31826
71253 26805
38559 51360
57941 61811
79455 41130
27760 20371
90030 24097
60545 62301
1412 3151
87605 9239
77310 38774
41738 28650
74183 83088
54675 48945
86043 30650
34223 59327
17988 17980
67221 66366
80992 53319
29742 70744
3495 67231
11857 11022
10945 29237
54381 47963
15060 17115
91462 32311
40722 74327
56339 45859
16344 61764
93898 2546
66167 68996
80381 42549
90849 28654
32636 72702
27472 62811
7058 2276
44168 51219
13491 6719
13801 24990
14221 68315
21971 76499
27460 27581
63748 67467
62920 55545
10136 17453
75102 2173
12837 76179
91017 67189
7796 7304
71708 60136
92969 40515
10556 11194
6587 28760
75807 47354
88050 45745
31292 51211
25474 69460
42678 70204
31881 388
12544 69464
6560 59523
80495 21686
68616 53990
79523 39696
89067 49615
40516 44278
90818 26409
33907 45281
91646 31328
84438 82286
49447 64486
34473 20338
41505 77059
14443 70530
93470 22893
64546 54613
889 15799
50959 5575
63498 65739
5971 70898
62873 58346
16326 41472
64332 27045
19977 48087
39934 23431
16097 53692
45713 13362
82772 20695
73362 35115
11024 10725
83047 33257
49713 50760
70565 60996
48100 55756
32135 80402
42200 71451
81852 63641
63883 68723
41451 26552
24697 51093
54699 40708
38062 52667
67617 12606
19094 38069
81195 33248
56526 86873
10805 64413
49196 84881
5871 8971
2015 46651
64759 81549
44111 48152
41494 15176
54052 1921
13823 3805
31280 72867
7242 56157
81218 8114
67842 35945
37533 85199
8079 10491
32796 23477
304 23216
60173 39125
26925 76391
26022 56331
11317 42709
53778 19126
3076 34550
55345 46092
84696 70884
75748 19527
12031 60121
51949 31283
24804 69614
71938 11757
7153 842
60937 64568
3550 81971
19301 56376
10832 56169
27986 37464
83319 78827
50835 67257
54494 19323
8803 69396
71086 66856
40522 5337
65716 63536
34575 70201
11368 39870
58674 79610
66406 86540
44533 69753
16257 85042
25496 32112
40202 58555
53197 74093
87432 46438
55984 79984
51549 60983
81660 16239
20120 3876
51130 48346
52341 72150
78991 46207
33631 8304
43915 24045
8062 7038
27872 61553
19473 48484
59441 14173
65081 27347
9937 48281
20974 26045
30041 50361
50147 48738
74473 23237
457 63068
42395 74743
69908 34806
28033 26700
49884 63831
49584 77008
89240 48291
37309 20299
79369 35
92602 34067
28708 25721
56576 72908
24562 66435
93499 6467
41045 49535
89714 11957
17273 19490
84312 81251
18622 19928
3329 31002
43378 35894
92349 38792
14483 6739
27623 41911
24948 52851
90629 1660
74918 66137
43569 77554
56569 13750
58213 48946
23269 19936
52299 50315
75509 76744
85308 59706
10942 1166
48448 18693
58031 82766
45558 18334
45353 62578
2303 46543
85462 27536
92331 41126
37673 11362
62792 55595
75754 77295
11877 82971
81226 37513
81406 86338
66303 66242
33053 35793
86178 47842
12674 61547
79114 80073
46752 81948
53937 36732
29727 69513
89228 21730
62381 61075
15726 49815
54696 38176
92249 60602
56091 37902
42539 59827
58940 5754
49051 43408
51830 4366
44347 76781
74767 28719
66651 70781
37903 5213
55728 17531
91297 59915
74381 58901
71980 42859
21362 33238
74306 10780
58943 69671
16550 18548
46899 30053
54174 3367
72607 17971
17030 38508
49377 81815
65008 69205
54107 50587
19664 65539
79020 32729
30141 34085
68475 84762
14021 74782
42968 36546
30697 52399
4928 13612
29497 61897
17778 48214
62515 35196
31272 472
62266 53684
52712 80061
25188 68565
72596 8822
54113 26908
36561 46706
92041 49258
39598 22318
85833 20552
50802 36897
48533 33400
14111 49950
21443 72669
57328 57006
53490 79889
16139 34770
14191 83613
20404 33124
32161 38823
49932 50920
24576 26419
84729 36767
90728 9351
64299 42541
40000 58066
7294 66711
21320 36535
26128 67457
49271 47412
17406 62903
90370 57279
9810 8592
38414 207
41339 41479
12412 32881
85020 29427
67835 68519
71824 67287
12935 6582
62318 82762
35463 7536
91818 41080
78728 83375
21866 24190
19374 78345
81911 48301
40246 47236
73836 26021
91140 66280
93629 52216
31154 42498
80886 4215
83269 83700
10396 19357
1203 46367
45276 69199
18060 80491
13247 29868
37266 65581
57653 10486
35295 85859
57244 6501
40839 56697
3155 8963
10360 40401
78681 18615
31384 33363
4871 79811
33101 22560
67949 72360
70000 11139
52873 49291
27546 2310
51440 12981
46827 62242
30641 37503
6634 13129
39231 60643
1124 60183
31240 23972
46018 53339
50033 47130
41760 37193
646 59239
20896 75031
51486 70900
60699 85232
91032 74283
80754 58976
49144 66185
46080 26500
70828 51613
80603 12205
88125 73586
87014 58343
90245 31587
69465 78670
92055 56860
69994 58715
1430 29764
75323 35941
18353 48115
77392 10662
38623 10477
12218 52775
89039 76524
59480 25556
68411 41733
15231 50980
89619 69212
35828 6457
75897 30676
25286 52433
17609 65903
41352 61913
93915 20885
55645 31032
16473 65137
88363 8204
54925 45585
14696 6382
28904 73128
67903 1047
74578 19863
16049 2784
54510 37710
80143 29343
24941 86618
74519 1343
26742 27206
8297 15007
2505 19427
66104 84552
57056 63386
52480 84543
64672 5508
25860 30179
61384 279
15653 62717
36371 11765
61359 73417
92902 35477
37190 51935
45270 67285
44566 10968
84916 70320
61776 61722
20831 63681
28960 48359
65154 65915
63283 13252
64522 47912
78419 17902
22075 30264
75132 61513
52161 12163
16311 9558
60231 34435
5279 40881
90552 51002
32630 6650
53724 66681
17050 32644
48814 4001
85188 38747
41107 39671
89325 76059
79556 68430
89243 35990
48671 61415
60431 30702
15871 55639
29289 33381
41152 30646
61787 2672
78238 41985
30622 21871
45596 38107
36855 64328
85540 28407
58069 16316
10236 73051
58783 5023
14855 36758
10226 58366
12164 23542
48599 691
92572 5610
90063 55603
87966 21726
83290 67806
93805 65984
62554 30595
51452 50114
79272 34475
66675 81574
42778 9980
80880 77057
57278 22994
19575 71977
75882 28886
85315 48918
50827 30502
4300 5161
74235 59157
62224 66555
38845 14801
561 1167
11727 61732
49465 13976
75921 75089
19784 19030
11390 83650
7107 30805
89881 41310
26648 13116
85809 46750
70314 75545
86115 65234
50663 71878
14631 12255
67629 65250
78193 80609
31315 8919
27794 63658
45786 17610
3472 79919
29440 18650
47373 60889
24260 51055
93508 66846
92038 58297
28981 86053
70403 72046
37506 53822
35377 65875
32046 69340
66251 86288
84794 47210
71819 32395
41001 20345
55013 69891
9261 19208
87986 52985
35727 80596
58335 72678
7522 62680
28087 29220
17256 82809
72278 40106
79264 47346
18216 19395
55649 73787
40565 84162
18253 2964
50009 21580
64101 25230
57346 59558
32547 27343
9378 20380
52635 56649
13304 17886
16378 40193
23577 76275
92251 20673
9047 19741
53113 58472
85487 51151
13781 15828
14 21686
65906 1523
6141 18253
11283 5374
78644 84506
218 63967
9883 21260
28832 18122
10217 86244
24638 25087
85343 50501
41411 60370
67266 69826
90908 49697
77407 76678
5921 78931
30906 31139
32099 55296
29613 46247
24367 82016
68432 57844
45759 36790
49776 64809
81823 42796
67136 42621
76629 78720
14595 36453
59098 82750
21470 84519
3968 11157
63691 81132
66901 22190
47127 61568
38094 45992
9845 24897
33432 59961
14800 66244
21681 61571
59291 63460
20359 65056
53187 34237
88351 11955
10380 29640
55192 20543
85547 49349
73016 62650
69671 10943
11992 72408
59345 61348
80461 86412
53071 44850
9053 13494
17056 200
34654 80364
2513 84772
75572 61388
52243 9353
73070 69022
61447 25762
56565 30158
37561 69668
48764 42570
78108 41108
32844 57138
46021 35043
60904 59180
69704 71483
73149 62967
455 43646
88145 39284
73528 80554
28392 58871
49748 24024
61076 70450
38249 77934
60149 18132
57163 52629
34908 23814
56852 51075
54895 42710
23156 51930
88042 50711
26306 5701
11554 35436
92843 58076
83596 28510
45095 11988
59659 37805
26693 66589
24994 46547
49494 77540
22695 22215
39299 20796
87059 20063
78706 22501
6641 25952
7519 49346
91839 23002
7086 41711
37210 55955
73139 42245
56709 66023
94216 69071
66847 3705
27279 56671
62864 81681
90934 33661
61781 20241
68044 86683
8145 22784
41983 47653
39010 56063
53547 2567
40820 64833
56409 17281
12646 11491
53983 34803
10893 12231
73805 18091
32944 55609
63526 45414
46190 21732
84808 70079
45741 1882
1252 33086
47088 4777
61938 12389
45456 17855
57450 72587
58243 63353
51151 74955
61145 45543
84175 42344
28254 72614
93928 51184
13937 23076
37169 18126
361 72872
23830 86311
60553 58267
85516 881
70804 9958
14440 51540
58195 57906
18683 25736
93327 62580
74479 9452
46069 67222
62910 704
34655 32846
6958 79104
16035 54478
48482 30813
32971 2018
67486 68705
83868 59886
30270 16433
36867 34703
62942 81713
9466 3023
23248 40450
92873 52778
23782 81549
21908 43642
37447 71574
46966 64641
4123 55625
43699 51112
31752 37447
35352 73115
41900 40623
30209 36947
29427 38361
28027 65390
73277 22599
47549 84044
73350 58822
79804 44117
50113 66366
93900 25864
40023 38904
59499 54433
84269 6708
89951 68339
83054 56806
7259 2918
88251 65214
23799 46778
35558 5977
38651 16834
65298 83435
73644 26133
73467 64418
23971 19353
1276 57273
51066 63543
25085 24404
46689 24824
71746 37270
13439 76935
35351 39058
67362 74102
74469 49657
76402 84345
8690 59541
69902 78114
48007 40948
9631 43553
70897 74341
49458 1796
43455 81623
36035 43277
90555 65178
90173 53609
53406 85492
71636 33852
47108 50219
1172 27750
10848 15358
43069 20653
47983 37272
25147 54341
93393 36809
46952 23323
44934 62437
24535 63493
54653 1834
16735 1482
43856 76289
1251 65579
66695 61901
57381 54132
85846 40247
18787 17339
66308 74494
80542 30578
1449 62187
23035 86209
25960 28090
94073 18174
3097 55968
60177 54245
76025 66931
19862 43950
64570 54570
17518 50161
32614 62929
75379 46118
15885 3020
49873 53850
359 78782
22153 76022
6473 32803
19150 68936
12819 4575
37861 24966
50941 62302
16698 56922
2265 33381
3251 71380
72064 147
93891 66945
92685 53116
76062 44024
57656 5029
51671 7989
6435 7502
15730 9387
10602 51677
52011 44702
11983 72576
41423 29313
84318 48034
72232 76960
67224 78867
10037 13030
41665 36470
24246 69078
71466 65784
62919 12821
44217 32112
22746 74257
32130 3138
71221 77514
77703 6465
5528 85930
79081 71290
66974 17876
61973 84249
12185 42216
49319 11356
17059 41537
37222 68601
10294 11532
1817 19956
27900 54224
90842 53288
32859 16
78295 52922
42718 24815
15644 4458
87337 72222
91664 24223
78696 63226
12941 14471
42486 70224
13865 53311
89350 38899
34713 15022
70045 85712
68259 64812
13947 81380
7166 29375
30987 15974
83296 60242
90179 26695
65705 10881
79272 30437
81443 41409
30241 64967
72513 41146
18950 4031
33689 848
35450 66158
7137 14747
46102 76691
15157 49609
13812 64894
7325 40647
35727 38249
37710 42199
32973 23067
29549 66393
92463 66314
57963 83238
73751 71664
66138 21643
78128 41070
45982 12103
38265 64989
11782 74355
50972 26667
92493 18804
71817 60327
41417 11033
24063 7971
50379 5888
33858 20616
11736 42641
533 68807
92125 66822
70509 74310
27123 64015
30632 75785
41490 8201
82943 19161
50909 28611
36919 36151
85061 6754
76204 43647
83083 86726
57898 15997
2921 55816
29755 80323
35320 25950
32487 67217
10184 48140
17829 2281
17223 70894
57496 80533
26808 23980
4746 73940
49877 57506
77668 33982
13905 21505
66316 76896
34766 25453
79052 59689
11425 52679
9864 69575
30997 55947
41297 41290
1264 14851
57772 19141
92820 39563
46321 33766
1236 35301
77460 52959
14901 36089
15399 27317
11280 29581
12419 66483
50372 79958
87498 9564
6654 53105
78862 80079
71967 47868
27199 66093
4716 46275
47135 50020
90945 4113
22947 33343
85236 76515
93318 30293
24443 8291
62552 47233
88635 42875
92915 9717
38166 73397
7236 5607
74481 21111
74163 59823
90705 64277
88323 82469
77344 41368
69120 32552
72506 25892
14423 3563
44299 83826
40804 15929
3080 21834
25668 79217
20 78331
89982 59305
58785 15959
28850 36067
56893 37672
82735 30978
2864 83760
45073 69199
43618 25543
76086 9006
79069 35144
14476 61934
38512 84684
38310 178
67471 83032
61342 77548
28994 48617
38425 3798
56279 35684
74116 76448
14055 30377
68813 819
4812 25217
43374 80597
16759 34692
81351 65107
19377 32079
17697 5588
74359 29485
43346 55577
52365 66065
30256 86918
50493 69324
65237 76522
32174 60447
2663 14020
23820 62845
39089 7660
58903 42632
11531 39224
10240 67268
52688 83879
8259 54521
4432 71508
8930 73377
49193 13218
66259 59325
31066 28059
32650 3328
3028 10613
45288 69722
20998 50875
55849 34481
65448 26283
81890 17665
59438 24842
71419 58539
80762 14356
38573 30390
90549 75903
88251 38831
60831 77241
48139 51614
91738 77223
71495 54714
11818 16473
52783 8051
17527 669
81453 28394
19526 16719
28988 2735
88357 27849
75123 36359
86124 4201
42261 9571
71549 18949
32701 32783
57677 50489
42602 75837
62213 48433
48517 12122
34691 14208
29668 11220
60652 35327
21746 1283
74228 48857
91068 57909
52324 67569
68482 6235
9124 82434
20975 29660
33086 32858
74228 38263
3755 57497
76329 18437
3628 20133
53702 65547
3975 10061
68433 61827
30692 61073
32412 17579
2961 21928
9989 57665
59173 56111
6059 58986
89092 3256
68654 38236
10707 16483
16996 16846
56915 52420
65275 61520
47764 34556
36178 44001
80049 64977
8103 86410
58496 65655
69087 29552
4010 6613
70869 28616
87488 56445
23824 9210
75902 26158
66910 62716
57300 28821
6923 72216
26502 8362
66163 22067
58792 16642
50341 28464
83136 19332
26581 57191
45281 57151
29088 46054
70680 74487
33156 66458
94118 47982
83784 894
29831 56094
37981 41676
41035 51187
63275 48500
11279 168
53882 43879
43454 8278
86902 48911
58094 11885
22689 48441
89339 29250
59219 57360
62737 35090
63266 20808
90814 62621
34590 18894
30603 30516
30839 80034
21739 9844
58918 78577
16265 48543
70792 30023
80501 16204
26689 44022
87165 74786
72988 7654
32181 34846
79368 86613
69754 86397
23803 38240
5478 27627
58150 82857
40028 1059
77193 5111
85796 49964
61516 64563
14358 49767
37550 74104
17398 7119
71138 58457
10816 1641
55963 62601
55452 46769
9824 76291
38058 45915
84805 85233
92762 53849
795 40558
40819 25024
2187 16571
19157 9621
2105 60778
26756 32711
11705 42213
54457 30418
68859 37087
42103 52803
48356 69743
10330 81906
2593 19129
70752 1850
50610 48295
72439 10142
13825 18256
86323 78016
46349 68790
30924 75822
49403 48744
41047 52030
60807 30088
91876 45322
48087 77737
17629 25541
46462 68202
72382 66268
11624 60135
75425 20338
39776 37155
92475 84922
44470 29004
1089 43219
55063 36391
57561 86370
58341 53852
17101 48289
56041 23349
18870 81259
71910 73135
17010 84308
13971 555
90985 22712
72947 45296
22904 85229
8021 22759
80522 82738
47248 86462
66820 11889
73135 67488
43358 889
82952 22983
46305 43840
29913 48067
84921 16294
2970 29993
19558 4196
18265 68978
35452 82187
76711 31692
56296 35224
47482 36999
53448 43553
10122 24287
38224 48053
57795 52944
27960 29822
30443 14751
46499 73720
20380 26619
35634 43966
86785 62795
62387 28872
85925 36525
67955 72762
66171 22727
16162 49486
3854 5093
86056 21065
38953 73285
58184 67117
53975 84242
66987 43548
1649 76639
51897 47864
90184 65851
29666 63920
28705 1160
65815 26654
62219 8855
23935 53012
4279 67704
24618 80027
12918 29145
8626 84013
54216 68836
55881 52819
58677 79289
20727 84594
14838 60391
52304 29814
77612 17373
10163 66411
35477 68336
56224 70990
50224 37865
62332 77692
25963 58099
18112 85936
64241 35095
17989 46131
14661 35499
86786 38448
76197 76313
77631 84721
86588 29516
49345 2836
29709 30027
19593 79790
41074 21378
11254 84738
40 50987
11248 31329
5124 7604
33297 84289
51581 68758
79822 79442
1276 79352
13690 10128
25665 25012
4311 18969
14510 47095
51870 83713
34499 12839
79916 47944
25314 10683
15871 74064
41619 65198
63826 46779
69248 26556
60922 46252
4677 52875
12918 40929
73625 40138
41198 76617
22441 45352
44495 11556
71984 85716
1712 86354
10836 67750
1743 48399
37633 60654
82321 61033
32476 57891
72982 65283
89544 16104
21548 27173
72920 79637
45283 84849
3240 70174
67228 29248
19813 38295
62618 51366
20433 53750
28570 31293
17750 18681
3421 49488
66385 9241
8628 23036
67024 36318
35041 59856
1447 20804
18514 14180
464 80052
26711 85699
54728 55764
32267 32851
16537 72229
15661 6988
35408 68105
53768 48110
55841 12477
39894 67582
72138 68357
82779 68230
29350 65581
46482 46853
8137 34710
56264 32402
57569 83585
78711 54250
39496 81385
44035 4386
15383 45628
55344 37828
84315 38452
57189 34144
24016 61016
74692 5051
14426 65419
25116 75369
80685 25123
12965 63717
53214 53851
13149 7944
65390 34471
6118 77469
87632 74828
25451 27912
75079 1235
80212 78436
23478 68954
87207 23233
45489 41487
90239 5645
91179 79294
32256 7905
79800 6357
9958 65484
51325 5540
48901 65334
77931 45391
61865 64132
51192 63128
65818 7509
21740 73645
56936 24736
63571 82739
69031 69636
47199 80885
47393 5159
27003 9209
39200 74938
76455 23413
55919 4461
27842 15116
25892 80794
71573 32925
56123 47711
49436 21450
56594 42810
78328 78007
38621 37810
23302 41851
39941 36834
51414 85620
10334 960
23706 57055
89651 7428
61285 76208
60345 3110
14599 16592
2554 9378
43661 775
10188 15911
14922 25447
77694 37287
62533 33400
67126 49943
6413 64298
78375 23245
24349 48316
20538 66649
41501 73706
53091 83495
77080 52715
72176 39608
27510 2833
59609 70999
12704 60762
39531 58417
80754 25633
70739 70563
21257 45700
65815 53096
4972 16823
8592 19225
20850 1960
70913 73546
7104 17546
49892 24704
53073 1238
23195 26298
60341 13343
63837 19081
37222 4296
85554 7480
24374 2829
51628 26788
89449 8721
70886 49666
12762 55141
9850 70093
46264 31965
76178 22825
71419 59313
24005 70611
63256 53705
75813 51684
79642 16082
28412 47626
72013 19954
38184 19026
69066 50037
45804 24073
6402 66648
17299 10752
84415 53903
22885 31998
53269 49492
2370 74832
52073 14147
55087 1823
38442 34990
34622 84147
35460 23496
91290 27555
22907 49926
40372 19752
40772 18039
65431 64473
44236 58345
66396 58256
29563 31257
66599 26178
33729 59818
23151 14116
74957 68640
53126 81262
93810 63958
10248 24705
9113 23677
7685 68669
66888 81035
42885 6323
21140 34286
28204 21639
30173 52573
60678 49107
71822 73468
44146 7055
31199 54466
10201 56737
92257 46368
70599 59140
88198 23555
86645 72367
20767 27241
21968 35472
47910 33608
49986 60351
56743 76090
33930 38013
28910 33318
83215 53262
11344 12572
5356 12907
22938 71562
32144 50939
85625 18028
21659 62292
62609 15831
13195 54976
34719 32723
44768 72484
76160 34891
89415 80355
42371 67726
5041 6696
23251 21731
26920 26763
6707 3747
62063 58488
93257 48058
5904 30853
52610 15545
2891 78676
53155 60295
91274 55872
46911 55416
83029 4297
14848 38380
47813 30601
53256 22188
27492 65379
19122 41518
4280 8577
55644 67095
16306 80093
79311 75675
41673 46149
7817 65353
91091 5088
92566 11224
7109 9796
24283 25061
9835 29922
61767 12366
79262 79945
27185 77467
58996 15216
50654 67099
33830 37470
22952 55556
8200 86708
31554 30073
75020 11830
48179 84351
76273 40591
90517 7488
44580 61303
8201 53162
8973 81847
4937 83521
32815 86942
91235 72727
23224 43424
85282 49543
94135 77382
9690 56058
60046 61696
86352 35407
41691 67090
14605 25573
7761 109
91959 72123
45130 61858
64906 52080
28553 75904
88451 84694
81858 80532
234 61916
43772 1855
23343 80916
83938 79004
68818 65873
92726 72133
85994 67968
88440 36326
23814 63926
88997 44390
51430 74562
84300 13873
86682 35156
70226 70062
21437 34276
17807 721
30685 58887
62245 69296
72782 65291
4326 47217
29307 46554
72716 61269
35022 86977
92860 80450
59085 49192
35959 86024
31519 57966
92876 81877
63706 19631
90185 11871
89708 84297
20450 11023
50198 3480
63982 9237
82469 3238
78755 39805
21261 42684
90024 77012
73452 30852
73499 50150
15206 52460
69450 83741
22394 72595
43285 31318
67630 83876
67142 24193
25752 83026
14793 81886
32034 83443
72380 49582
49317 2022
83567 59459
78323 18125
48646 53719
52286 81501
77034 71299
36734 79220
9967 75048
45248 45542
14251 35795
59116 31157
13461 80048
72362 86826
43252 16750
21925 60713
41472 85426
92294 28842
19222 67324
30031 11845
42102 50675
45019 2239
15346 15957
3940 36221
2825 19597
10405 72415
43647 50615
73005 81812
17050 64229
60909 27015
31486 45667
94168 5229
92043 85976
88776 17209
50904 6797
64395 74522
57195 2711
80722 79084
8958 50341
2651 86936
59136 42053
58046 26722
87937 59420
51127 22078
87094 21916
63965 83045
74043 68587
38329 64312
26493 59123
70208 68634
7706 36693
46820 86937
39328 58957
41842 13587
53517 37618
78572 78274
5947 843
8000 45831
3362 10421
80779 31947
1177 14060
42413 57467
6191 22783
65283 54475
40741 33235
84186 9750
23672 57933
28743 26632
83474 40175
56905 28584
62966 24520
61929 86155
77344 80054
88149 50202
8924 33475
22861 5409
59197 25658
34278 28234
75941 37301
17770 44878
28080 28434
54047 61021
69015 59736
94102 43392
11434 34823
8109 64655
36540 43709
89801 29041
28412 80184
56438 52154
38199 60303
55066 85220
80493 30293
45599 68333
21772 39025
73075 22617
9577 53802
29088 9588
68553 60664
25553 50230
60730 6924
33280 30690
92501 7048
7122 83638
76542 67378
18250 7553
51624 28121
47745 64876
2466 22848
55409 43872
21161 48052
42146 63522
40611 11357
9313 73297
31147 83565
38111 61198
567 70943
86184 76497
71899 47204
65238 14541
86775 689
6074 54587
41912 55604
66714 50010
71051 10406
47005 38262
40744 39901
60249 61631
67853 17491
25310 47942
46712 59392
9099 11566
54896 63913
62854 18832
68617 35815
90170 6556
57041 3476
48142 82942
43054 4880
7130 8468
85293 37099
84247 9900
82206 15393
5610 65941
12964 49874
69916 35949
10899 85935
57398 60042
43307 58197
62347 19465
87347 62658
23707 71741
80691 5717
33236 84554
42935 55408
35844 30765
23891 34548
6192 18719
70252 43017
71036 37027
34826 2758
14423 68454
8064 27181
8973 46810
72723 36417
61623 28271
46458 5473
78418 24342
46088 58125
45146 19947
91217 86234
69471 41548
33593 65878
56653 50622
4065 60507
55021 58851
24287 54161
32384 21797
72244 36045
45690 72273
57771 84954
1469 83025
15627 73695
15672 29263
26430 63043
85433 21998
36602 41250
41918 6261
14771 85749
31559 41665
71317 63138
20739 43760
70541 61682
31880 2923
75610 4154
74408 17967
89708 50438
2051 66186
15525 22283
85293 39090
84742 78053
78531 38359
70816 51763
42564 6516
44413 69127
59467 10426
78541 69558
7660 71042
61465 70330
52130 33702
49088 61153
84884 55444
69394 39771
57171 18055
58372 69649
19292 85331
94172 10780
1540 82920
18609 13278
39472 1202
83118 21820
88484 36957
19320 69271
24130 81981
82384 85712
19640 26323
45310 38662
36430 40060
59227 50180
71601 39630
35446 27420
12120 1564
69105 47684
66122 62752
58953 75512
94083 70264
42086 1123
43312 70328
20073 70728
32558 66092
30549 82074
69992 16708
89701 53350
91364 37847
44637 3048
26032 53254
35056 28796
79782 52883
57609 17981
57286 82129
19874 59687
68801 18779
66115 16377
3921 24735
55770 84797
94019 10706
67713 25588
75133 68981
85658 6591
6266 41518
75347 24116
86043 7373
88644 84214
55347 53945
35950 34146
11452 81721
51033 23609
33410 8189
28191 84693
9097 2921
86137 62689
19567 46756
86203 19705
44262 72662
69978 63477
36689 74658
39096 25133
4807 83339
90794 78446
34470 26403
88467 49451
6141 5697
54334 3420
84133 80421
55932 75956
16026 42702
39118 49619
28331 56162
62855 3462
24916 32851
13419 59570
29392 3133
69674 34738
44691 44146
67225 10391
44646 31739
22723 66631
49244 52122
12964 42974
74262 51817
46474 67416
1210 52937
41254 76028
19532 43502
65939 20665
66329 18112
39170 35703
43513 84416
42627 57166
30565 84264
502 29018
74437 56874
467 4914
88160 39991
72766 29154
76670 16074
89247 71888
8178 20964
19392 64645
80909 2909
59600 22425
13791 11333
59936 81773
11824 7989
92847 58499
31465 83815
2822 86050
17495 19296
25964 53569
69901 49390
90399 58723
39675 9960
85216 75168
59915 4448
16093 64693
46702 79955
83120 67865
55973 86115
30166 17920
32902 49046
1840 78533
79899 21211
68067 9148
12518 12583
24288 57736
34263 10290
76743 73551
56309 37857
30506 36660
72748 14157
55108 44538
19835 17140
27703 75920
42448 52844
29661 15685
20799 8755
56759 76865
4462 67035
35276 41501
5422 56854
50353 46479
16415 86481
1261 77066
89287 12733
73118 49660
39266 586
58326 86531
56885 24113
47178 44033
55717 34177
39322 24379
74856 8271
21562 18964
14075 34656
42391 35002
54959 49367
84240 48944
31231 70965
66588 17266
4821 63917
49406 35259
61844 79128
33112 67520
37338 29755
29058 30841
65722 3724
92835 51852
32050 15132
59573 65507
20764 11600
33511 5316
46001 78429
70013 71111
52531 25723
52004 19907
16621 79016
72160 45246
27604 69201
58211 56376
75050 9406
65751 31052
16625 43266
85380 82178
80358 62005
2167 37592
61326 46806
41360 26052
7135 11232
72180 69577
33894 27231
28471 43952
63726 1976
71363 77217
23309 20057
21862 74903
35407 47076
22314 23681
53893 22506
51396 43234
45210 73546
64775 1149
16132 47236
87901 44472
29068 31366
84017 61240
61535 51878
82257 47806
69950 83854
81614 20762
78636 17005
39229 20861
7006 2660
4434 30554
74896 42378
55981 2579
28895 53945
84416 21361
15046 27007
69412 3983
92357 1417
13149 73579
16015 18980
25543 55678
84199 33478
64765 34496
39954 65943
2903 79939
28294 86274
45135 41464
13308 14262
36794 1903
8686 25405
78128 18042
48955 29797
40125 66851
90007 25905
6278 8651
62037 70872
26821 10277
16950 46890
25958 26714
40194 290
22039 56893
3061 73870
76725 64030
70221 37939
79466 22177
80948 62396
56712 1972
10261 51405
75049 79613
90946 27273
53995 44859
91277 80219
69271 62195
50600 34647
55759 61750
43963 9079
90417 33837
41589 23875
29024 86796
25982 66283
60415 49490
8976 12511
87903 73307
6133 75937
90826 25288
61928 73457
13655 52409
6694 41526
57275 38379
68971 76841
76149 30278
37708 65255
40869 13803
56204 69388
54032 26010
87230 19780
70456 1398
77471 32900
1100 8370
69738 78521
68528 18180
49188 26893
79251 52680
67182 27457
17747 32672
86201 309
34387 66249
65038 46875
90532 82530
93930 48244
70439 5056
18135 80860
35901 32898
16292 65383
9141 58806
86009 82283
8903 64528
8787 66566
32628 58473
45869 54403
41624 26060
25555 29281
47236 350
12206 75583
89824 49920
13789 20438
7929 712
56372 62138
28428 70061
16808 44112
41081 27244
78552 35492
12537 6465
56060 11108
46976 21252
2181 51395
27395 41510
79120 13783
30867 4563
57247 35410
46753 16767
67362 5640
64141 75318
21364 50442
15024 70034
27136 77511
64848 82745
92652 36545
56415 27494
10273 15251
8021 1346
71988 45677
22905 81734
48684 20691
13202 82042
49770 38370
20478 76536
27667 22834
61966 76881
86595 26249
54816 17340
90345 85750
43983 1269
17636 22886
44171 55560
73599 62941
63606 84691
45219 2682
46731 50115
30479 67947
67952 28047
67972 57375
79545 18305
42731 76729
3625 84918
22535 38400
84373 54060
61874 17380
46504 42446
14403 77239
67660 20178
64229 61163
75359 29648
1730 83380
32543 50205
28167 31675
26847 15875
7339 82136
51263 30609
56748 51762
105 33012
12496 13720
56401 83688
89694 29006
52762 13465
63513 5327
54816 81803
10843 65252
89541 2955
7103 28913
19717 10555
49373 54771
41246 3141
65014 12338
93750 80708
78842 77026
56065 47221
33787 43697
62852 50870
41258 29429
93109 29727
49965 23040
71157 82400
86000 49906
44000 81393
30681 3478
45794 11156
83916 85885
34923 26794
53917 72302
30796 5952
22997 50514
35620 47385
28393 74072
75324 52042
82718 76488
39408 57021
4883 61770
46654 45158
47676 19130
52251 78581
64405 57875
3937 658
593 84151
53880 42383
72107 26127
10488 11989
17747 5728
8919 27349
75382 73286
82906 80838
52303 25660
25383 69819
62578 36994
36438 12844
61861 84882
33785 2422
70661 61283
43825 57803
33296 66710
23049 45118
82614 2770
8705 507
39726 20540
80070 47630
76572 68584
65696 35202
38293 80917
25519 82014
5276 65113
33400 48462
54450 54120
90606 59840
30593 52035
83786 11802
54717 25192
50192 22126
21840 37657
48627 39204
93137 19891
6958 38198
93147 34630
88744 28476
37905 57929
77251 34487
82105 25890
30098 53836
60875 41718
42917 17967
24775 49989
28940 53423
82579 42495
31861 9115
15604 61315
45487 11185
81346 44366
85786 33831
23384 65283
17957 10403
84669 38674
71736 19197
68128 41879
69328 69656
71956 39462
22492 78522
84247 80358
31657 45821
54286 65194
27448 69809
86356 75537
92482 43214
15728 36241
65292 82039
66755 72547
90897 55602
94056 71763
92393 10741
76874 6950
57705 47119
32065 26186
14727 14531
85449 78361
46798 84859
39507 44098
40599 41659
92524 74932
52954 84725
53655 65315
81287 14030
14231 25446
5186 81186
63190 70521
26291 26428
19482 7059
8787 35422
44222 3097
73323 3542
86490 17813
5758 32768
84132 41976
29019 34814
70532 49752
50711 5765
35806 71228
17856 917
33518 34257
25612 51291
28906 38924
56580 59388
60999 69206
36905 17949
32522 1023
92834 36727
66110 13710
91441 69580
60374 8321
47883 55311
57545 57400
84426 36554
46387 76245
23851 27980
57112 54919
56791 9909
49250 73439
30543 22309
57433 2095
2499 85957
76917 80638
47600 66952
7983 60024
39147 79920
17194 51587
47971 14590
59668 72268
78623 47770
72222 81667
87829 57938
16669 82350
80041 44337
36995 29755
24807 2211
91496 86694
91653 33060
82040 70177
77355 9126
7178 38437
89792 42288
61043 34811
33491 78760
6803 35740
61385 40518
86154 75243
64168 54478
91584 51671
52223 43431
71917 20891
65041 75759
55354 78094
7275 42993
32823 1809
7664 65560
91962 67743
35704 51586
58426 6425
82972 40270
81576 44755
50247 20597
37224 15328
4329 65312
4391 71681
66288 9964
65551 43
85250 22864
78272 14257
27730 84992
15412 12386
18207 3143
81424 13045
52034 79789
93169 73275
76969 64112
83445 32436
6675 74996
50504 14823
14905 32606
6175 73651
67399 22073
71576 47826
93237 57712
15328 75985
91057 52980
83417 53738
56952 7863
92373 40741
60317 71920
75697 76259
92325 34397
30042 19633
70749 17810
66294 37424
58904 75363
28321 18737
50279 20546
81152 63674
17821 34011
80134 81367
64679 6913
91301 59743
75941 42388
66035 29638
50231 42982
53536 32808
79222 72625
20984 66558
20357 79408
74198 53548
35311 1378
20386 37170
91527 61696
62025 47488
71828 31567
21372 33584
64332 84914
51178 21814
88220 63614
37556 69596
62780 40470
34411 56454
2459 49175
14157 243
16350 49355
79888 16156
75378 35839
40661 78985
30739 35065
92189 21668
55864 74352
18865 69717
92708 74766
72149 2767
2144 10472
90027 70927
85935 71892
62307 2405
74511 22253
15350 58239
24467 64721
76240 54966
93275 29813
93306 70060
56054 73867
80525 35033
54900 69389
48479 63010
66092 18146
54198 47589
3558 74131
93490 5118
42177 80310
29055 37010
87737 76431
80030 71955
39147 77559
16673 36112
18378 6668
66643 64790
93744 14892
1233 42625
42508 60322
84461 288
77818 25535
5020 2299
6911 58336
65354 54684
64314 58320
91437 31986
48165 23597
50888 492
62959 32076
91096 29841
12489 54383
59747 82732
58282 83765
53204 82312
56271 56251
56844 45473
59814 83530
24875 44717
92847 72469
16717 8834
77348 25403
86737 86847
46850 86442
1865 65403
79705 61162
10365 77466
37540 19183
5155 10468
7464 68903
15803 84335
60854 78117
40462 25864
72046 80419
52312 34991
65603 15856
3050 25790
21870 76185
73259 23088
73923 42322
59397 28813
20283 67833
49731 83572
87112 50125
19260 19871
29143 25988
94051 83176
31101 69475
84946 30816
20535 72120
43834 9108
34812 51656
59387 50815
62693 8142
26703 62028
41308 66900
90194 52929
49104 10401
58255 58562
18047 76705
53 23076
3644 21761
67432 33545
75967 77407
21018 34628
48270 56721
9507 28344
61905 29091
39265 82263
30369 4588
22168 15879
38682 49781
58667 43992
21835 83142
11270 8207
62254 53110
85662 17553
1052 72978
1949 71529
73837 27837
22363 27278
74492 14796
9945 48013
3350 74005
71748 15347
54801 62520
36862 33415
66983 82460
30140 4838
39509 11143
65372 59362
4799 48380
29402 22214
4915 76056
57444 33769
26357 58649
56986 60286
32927 9261
30982 47578
90659 67757
94148 28088
82225 76023
79082 48753
2128 23385
80574 19478
15539 6459
44567 67344
10991 53351
82968 37384
9087 55243
11183 48405
37764 58258
63465 12271
77790 51846
36594 41706
85504 38920
24654 35148
1073 67706
44645 85524
1494 65894
87212 15172
32117 14030
34623 7065
70 57957
52779 14750
84450 51604
89422 37767
12753 72511
81233 21340
27767 59308
24715 17790
36928 84385
4517 15913
18378 27534
40779 56817
19418 5191
1187 45391
71629 3083
33237 1644
69709 11477
85868 25679
40882 72285
70336 21094
2255 3344
54140 62017
83349 44489
57568 17436
41974 35786
84071 57169
36354 54440
983 63347
61735 31591
69475 3509
23080 79051
79928 78234
31994 75597
16029 19401
59904 41843
66604 5974
73937 62470
72615 73259
10624 52743
14511 9865
80682 13652
1115 20091
8524 7244
1607 8558
50488 45013
71307 83361
83145 29422
28733 54850
40978 7621
26849 13390
92374 44589
73180 81601
7374 62550
18562 70492
23568 14913
90625 25629
67381 43246
20713 85566
89011 81015
72903 53382
6002 28882
6680 65479
22617 16152
80574 23654
40373 63057
60873 72009
26313 38753
63755 26048
82366 64561
92509 5326
84331 44308
2008 11355
79344 25506
24466 77247
74221 70164
93301 41872
47875 80819
75248 28759
38284 46931
83699 23028
13705 71591
5540 62653
30769 9973
36365 65501
8707 76694
40199 34432
21637 55032
51871 85970
55432 74061
20112 64730
26774 80272
55084 41292
8079 16411
40648 12332
57389 85137
78255 12625
66081 66899
75630 39235
42152 86709
34691 73451
51608 22222
85253 11159
37760 30424
63651 26450
90914 65601
14493 59529
79377 45512
11556 3108
77562 60143
5675 40208
65923 52102
37923 14423
56370 19647
24857 42873
93746 34026
70295 78775
382 16133
80344 12938
80448 81427
82338 53836
13053 25297
27442 58320
17369 64179
3402 45996
3366 65806
40498 81350
92877 59052
81284 7423
65215 75997
43052 83151
6663 708
40737 48221
13043 70286
25549 33425
21106 2399
53038 72948
3105 84583
57029 47575
636 70636
16133 80231
66824 18036
44049 80512
81433 68452
34827 53304
12671 82030
3305 27717
5146 20849
32447 58948
30396 62695
45006 42428
30216 22621
59747 18297
25276 55560
19902 62646
32058 20330
88549 8151
10962 63502
42341 34011
69497 45005
42552 66351
61958 64964
91918 12621
82828 31781
14191 65678
16830 80197
37364 47538
50209 35194
74121 17747
23680 56537
18185 56482
26378 34137
68951 16373
18657 27113
63702 9693
78602 36268
20044 31476
90606 75308
48648 2483
70355 44076
49470 14819
82656 77656
75687 32768
20707 75522
26098 61031
65367 83113
47868 495
13834 17357
71896 3243
12043 10050
17411 22943
11441 12512
42707 38999
4683 21427
28577 57278
83019 55287
85215 80469
19453 75940
66742 50725
7506 42926
82689 45176
58319 35976
9640 49309
36417 83726
32242 65169
63283 40073
14661 39611
67020 2673
5994 49032
50020 44428
61701 499
1548 74811
58259 60500
63307 55510
5152 54595
44341 80828
91902 41119
92878 17525
9322 51500
37566 50177
12752 10943
46199 41672
49167 16211
80724 57851
17863 71318
21903 7364
73115 12867
4060 34542
71726 6233
64370 2133
23094 23667
57745 11285
68593 61433
34287 72921
11928 58729
74033 83047
84078 36233
53675 77698
87737 3903
87164 55817
82075 51942
38826 2951
42258 75981
21176 70055
13173 34133
67075 74205
7285 3791
68190 69886
10940 78933
56019 15872
32452 46386
54114 76670
93179 74834
80245 29550
63952 23257
14760 79237
83692 39029
62486 75588
33321 51177
31587 42533
66714 66691
30527 62255
77341 41855
16175 32703
29543 77947
36900 82173
89237 60324
36003 61179
924 68800
63572 75403
37990 32005
20244 15518
6178 85085
63221 84844
62578 8051
26981 38722
77081 10558
83268 17018
78397 37858
84518 28786
34600 24947
89044 21293
85390 9641
42712 14718
78351 70601
73259 23175
6675 14804
90851 70171
1631 53933
65535 34020
4927 79196
31535 63568
81931 20694
15016 63154
30428 83805
44020 82155
88424 44062
9522 72146
20866 81503
86276 42651
72010 20014
6564 54142
3881 40179
68634 23524
2078 48356
22896 35124
77404 81259
31794 78107
25981 55484
84891 70880
79589 81246
61490 50579
91383 80255
44965 22196
65579 3293
15477 58638
34192 4051
38580 80260
25926 15425
72429 85091
24728 3401
12178 13570
32537 83506
80114 20113
27846 38438
66593 60072
41707 50158
64464 45924
70427 85037
63584 20310
10374 46198
57751 11130
1003 6676
76568 33741
41152 86618
13129 58613
89742 55013
6157 84199
85766 83972
25766 58326
40689 18930
4728 20464
65198 63795
22104 85350
36324 26378
67303 21374
40269 40558
67738 45608
59344 76780
86078 82596
84275 77652
22155 16939
52445 51329
20546 39196
2172 26599
31272 30749
15598 65614
32785 67708
52670 71261
37746 30099
16250 31669
14795 78710
20609 78732
80808 18582
4017 42221
93832 5009
20479 78360
48701 4978
58915 63496
45867 43024
65685 48159
43613 34683
57196 32084
9303 12243
41953 28415
28393 80153
15023 42533
74566 76124
75833 84436
38188 64628
32617 80744
10714 59279
81791 29695
84899 33145
73394 38701
48204 54155
35858 58947
85777 78809
33078 76803
41257 83627
9949 2319
48304 77848
14973 67303
55001 82159
74056 14563
21696 86227
1208 79494
63778 67128
9926 37870
55144 36918
63432 10070
91225 22370
66554 84103
31488 70410
35924 41559
58775 33737
38718 45097
11837 31550
74573 38194
60561 20915
57349 34567
28480 12394
75875 14213
32862 26387
61094 70869
28192 33802
77070 7966
63538 52171
10052 6104
93093 11240
52500 43287
74609 80663
26109 29899
74909 31684
82891 30048
29015 84520
67695 52964
77753 40423
28592 4562
38465 10634
64487 75266
68461 81727
987 23276
59739 1831
39137 5518
10815 60245
7589 77430
23890 23296
35850 77183
4685 75082
80010 48207
54048 5378
8081 41898
57104 36571
21842 64270
67548 55065
26874 2913
60865 64079
16548 65436
16523 41754
12242 29474
11752 31425
93185 66895
10566 823
16750 37769
71645 31224
90446 12462
1313 76581
63442 12700
52097 58
32412 31789
34730 81194
32498 30528
12701 68242
90388 46434
83044 75538
83729 61819
1113 48338
43040 48615
28731 23410
56636 72937
739 78390
54056 6775
66128 30443
21488 35971
92520 20118
52642 11205
24942 5995
65236 32179
1965 85942
26534 85776
4248 57412
64648 26423
1458 62321
21843 24084
3805 40333
34483 86919
27374 42505
43726 64349
42258 86458
30815 14949
25713 48099
66455 71554
73666 77182
66147 64327
73184 76571
68450 20619
2439 20064
81796 11875
82008 56523
41875 27378
50450 54763
12193 82193
72033 38628
65554 49426
2645 33418
9773 18109
69411 15726
90598 31101
86406 34103
68152 33507
6630 23722
67151 33546
11789 58014
34628 29087
10244 25038
70148 63613
34852 2433
6676 45791
72375 31354
31265 8791
46205 80517
34974 21122
92605 62134
86928 83110
28612 60440
91114 61119
11422 75330
24867 69844
60393 53804
14772 58081
42893 62047
26959 76849
58981 17618
86920 17007
44214 23314
67575 20488
36214 50186
74879 68700
73796 73136
5097 22655
13911 36337
48298 56165
83858 39852
59735 69554
32285 9005
78156 39846
10259 40165
3014 8094
42288 42319
51089 47199
54694 46163
50661 57587
7407 9264
29221 73033
21191 54782
42587 69747
82483 62306
85862 21224
54249 81741
17265 62186
87531 81292
13521 61290
53417 42663
12382 10588
57887 73135
35350 28781
26645 26959
41433 40712
77956 20790
82643 47620
11380 4269
54007 63133
4224 17094
30586 49216
71955 27927
81123 9545
71709 47475
28673 58814
76194 51957
89110 54044
45033 67606
24102 40760
3564 78198
56066 31137
3355 37854
50026 79447
77223 33657
52799 4744
93361 3964
22125 22853
76062 28650
83538 60193
43437 72029
91999 31788
91600 5846
41717 26812
80453 20109
36399 81743
85411 42646
16803 28792
50129 46754
75138 83310
70865 77378
1829 50148
72896 479
55655 9632
12562 78815
67731 84918
82687 47315
92351 17036
34681 75064
64737 76804
20280 44361
23850 70020
16271 84475
88911 51211
61931 69691
12549 26635
48005 53548
83392 56859
8062 20852
86603 66562
53336 76862
25533 18098
19570 10129
55630 74154
60800 52568
9953 72630
5362 58211
71176 21060
78072 39215
20951 37665
12916 56065
25057 5538
25593 72463
7350 76555
23246 82263
29940 2680
80318 21215
63239 18851
89739 10946
2768 20889
29819 54077
76778 1983
75670 49327
90901 56012
31415 12000
50648 1515
1575 62341
58482 54598
81277 19901
17380 7204
37436 53265
22108 26614
19845 62612
74337 80020
18288 32421
11613 10136
72125 19215
50335 61520
28645 53662
38345 24490
53495 2756
68948 38307
36492 35091
41225 367
92168 69917
58972 70473
42760 30248
44921 61644
56132 62366
29839 29311
90110 3769
44659 72672
61033 13762
35220 8053
64272 70541
36128 70879
10589 39550
9172 65959
35004 80492
47133 15684
74604 48389
29749 23763
84283 13981
85457 84398
5763 22025
34355 36719
44062 3474
89169 29890
60106 27312
85338 1824
69550 23180
55931 14824
67129 51532
26185 77287
46348 16554
64048 37321
49691 75144
81024 83743
15775 12532
36635 73695
5766 34600
80947 10306
64227 78770
33406 38890
79835 12094
32972 6479
63127 80460
57239 40775
35975 59731
29257 33245
74894 6210
82817 5891
27300 32852
13440 42461
32642 16346
64394 85025
11809 60119
16277 21059
13690 45950
43288 1783
84183 64217
62507 29401
39520 17880
74484 30945
7290 46065
79595 57587
54727 70858
20646 50568
14948 63198
4109 50858
45854 11881
69611 5503
34867 14907
90400 83086
8287 60522
20464 53309
32028 86550
86123 34578
75083 78487
65975 26648
81724 68279
3494 56535
54290 63238
4850 75683
56257 4162
73353 2092
41445 15428
29271 52737
13653 74109
35539 59509
80640 57223
72947 5927
36905 71809
2486 6008
88228 69351
30801 17777
57222 65725
82870 32638
74130 66596
68353 33255
902 43930
54832 11956
3020 57685
75755 23258
89295 30494
65118 28034
89079 83641
54129 57157
78952 32777
81509 15537
15384 17585
77101 35010
15566 71756
14130 10455
53174 72772
54137 1197
55885 29579
51955 4409
8815 59991
2111 59026
74217 86827
7028 10571
75347 61716
8924 63916
60818 69837
67812 41343
85626 11113
72492 71598
47086 29952
4038 58391
6940 39041
55998 43536
53742 1510
15305 8644
58503 73476
18713 7853
88974 9080
56084 73235
3770 19787
87035 62608
23840 17989
34899 23617
44675 13213
27276 42103
54577 39191
54754 61690
50008 34460
65195 41485
52199 39352
13697 71012
77516 73650
42740 7107
73505 61085
60833 43851
10976 81289
81269 6664
59169 75827
24061 5867
58901 25029
91167 33710
5430 38926
24376 85442
10831 40490
33335 14889
39519 37752
86225 35519
82072 85972
86662 48816
24818 47280
48366 5918
27001 9545
56629 981
22439 31941
47593 62581
76937 35840
72377 7414
18343 50458
35813 77725
71841 15599
40790 25151
28152 70869
65884 16024
90910 78705
33775 17256
5240 52598
854 57431
59123 21497
30671 930
73304 25902
67355 1843
57019 47624
15715 47651
46087 58647
17072 29061
50272 74178
7478 8858
42760 85
40929 17078
80744 48962
83953 22364
71783 60368
42199 72031
81413 24315
12080 23781
75280 26569
87979 28304
30585 58945
49767 50739
57202 49886
17170 27376
89593 32371
79239 44258
84226 32620
45445 84515
17385 83392
83055 67908
20095 33235
23425 76269
53691 4017
41862 77944
18433 48275
92524 55364
14285 21916
59957 73557
66301 28357
62474 67256
24964 77023
42179 50502
61614 34699
13106 55939
31310 53711
48766 16364
32902 64179
6403 52498
89083 44393
76192 66468
40647 83191
88213 23851
87613 85258
60225 25614
65756 11754
35812 76145
6041 84634
9633 57678
66834 36499
30180 37483
33772 31892
46173 9520
25637 68064
26640 55602
42124 34844
86930 72156
11209 81660
1947 39354
25461 75729
24259 19159
6856 26881
71889 9215
76808 27707
23663 70416
47288 83878
68370 70232
55752 77343
67888 35324
79969 63197
5571 58194
42004 42039
84961 40928
55646 798
30625 39829
26846 6157
7572 45847
61675 34643
75244 26938
40396 52169
74619 9094
89584 4667
57120 72597
19450 77329
67922 52068
39764 15039
82187 79914
29296 50078
70939 49975
84646 85069
18614 65544
31773 21807
87329 15267
61358 65207
84362 9394
76613 41968
40120 4088
60248 22923
16147 7285
49051 50007
18359 41127
73978 53407
34839 18600
71642 42951
66868 21480
48031 25123
36397 72569
53038 55705
45416 46887
43937 79177
90155 34673
57909 22040
838 13303
88840 10091
19619 4722
48272 12534
2351 20118
17246 55097
19084 39441
18579 55883
49390 52734
1325 45381
84847 19890
53066 59709
36290 54415
55137 61399
68580 27722
92489 35334
71234 2167
21827 53914
35160 26621
70213 14175
8382 75056
2200 50345
14385 39101
50012 25689
80414 30895
23577 27022
34175 51255
34385 71953
42453 64821
83745 5633
84050 80580
60076 58742
11847 81259
93248 48597
4260 52361
8507 51928
296 32201
3202 12490
21876 58900
51493 75980
23753 7790
54589 30103
86497 41706
40919 79660
12880 43980
38478 16153
6228 47204
38150 18360
36037 20824
46115 2531
81185 74799
51551 40994
63085 43819
26219 51960
83873 84606
14820 21000
8631 73956
67891 81742
79827 30591
71743 59656
34731 14918
26076 25046
55264 75240
51890 46415
72231 45857
89211 39482
499 51883
81072 15926
38010 65639
56554 78759
26564 59316
1909 12868
74357 33403
53942 26846
17211 15006
5006 6241
11628 65124
20032 62408
26456 85853
74260 78947
35166 38052
51485 704
20386 83303
74032 30109
16067 76797
15712 69961
36758 60880
49608 27413
88132 71788
68323 45174
90391 9825
72423 19504
83449 56308
65357 65281
5898 74307
50446 81737
83584 78081
11129 11017
30532 19016
24385 31158
60896 23776
49391 29194
8774 82191
43277 38531
66646 5107
18272 38262
71391 5878
21104 81291
15771 10061
75292 74455
76586 13732
68921 77652
46495 7230
35808 66481
46075 85288
79317 74550
46332 36250
31999 56621
4549 69937
71388 83492
69113 16829
37018 17351
69724 25001
58023 55788
9539 37730
55216 46042
89991 71714
49296 60790
5569 27539
62892 26421
56510 82258
34984 83402
54535 45244
32723 34501
4578 26666
76758 16335
63232 38160
16465 84676
19818 32485
55220 81828
38394 31145
13484 23284
59697 37643
39838 5528
7997 38601
53784 8859
66660 40814
11291 47873
21786 44135
65547 50090
10338 73157
39381 72636
88482 36427
76642 2410
55935 22236
86593 86460
83597 80758
91600 75392
19304 7442
23468 5931
93686 75132
37346 52181
51974 10399
40214 49313
54529 85434
25857 22605
28378 64017
57371 18125
45328 10987
65741 67201
77661 66609
31809 84087
82979 52368
38243 28243
73150 54247
5615 27546
43280 36595
92141 52083
82959 31652
89618 62071
74747 56279
14320 41587
76090 10482
83621 49565
80529 40474
58059 55396
76750 22002
54182 51650
25937 75181
32434 72347
74201 83095
81896 80789
4539 6633
48754 7776
5792 45897
64282 45733
60360 12254
84283 66465
71190 23484
82216 48690
47322 66232
10093 72942
58343 86280
23394 49298
74269 13810
25627 28837
68241 70297
7371 1823
50787 63653
50985 29994
10025 17018
65574 81162
9031 6582
23193 45030
93989 60918
31508 80112
69586 67991
4518 49776
89952 71656
10128 42256
87211 64833
82806 81447
5382 73665
92723 5347
28795 11333
76926 46008
71320 50374
39762 37509
57701 64021
48839 1304
4092 84402
7305 51004
69161 34280
81862 68541
72493 10474
90433 40680
69554 31188
29017 55785
83551 24619
14433 53149
23234 84897
50896 28009
65783 23692
93488 17614
88204 67296
34039 55352
14089 37550
1681 16186
40797 78244
37256 76834
80894 74347
37100 75759
66321 49010
76008 66347
66372 26416
50742 7069
47755 57137
91556 83833
83996 84032
81474 43357
34105 45131
59101 40643
27383 30906
53303 35426
25075 20850
47590 10323
78482 26252
89858 2682
32297 79093
82212 32567
5390 44271
6195 60541
8423 52568
41894 61768
41145 53430
71161 35377
47067 65889
29649 38696
77898 24454
37564 70122
27551 69894
12701 72389
6988 60936
81163 57745
23434 47218
15102 32680
823 27331
75482 43518
4810 54387
41164 42233
12349 31089
76420 82966
55055 5491
6497 76381
88658 73689
37528 80291
29900 64999
63934 2626
38791 45674
3297 17776
32728 70794
75076 17147
86452 38585
26284 7550
5765 43209
24758 73699
61582 39248
3510 65841
2819 35357
85174 63084
71456 62177
3620 59902
38162 66700
52758 58309
48048 81731
52665 86453
91162 48986
60726 63642
14226 7708
55357 83662
54631 79145
81346 56790
52117 49779
27733 68848
34031 39157
51158 71324
63795 69186
5819 17922
48693 23527
57213 52271
77054 32608
32331 63757
43457 50976
61063 26300
9215 18662
81016 77191
37042 653
78560 67386
84699 30499
90942 60478
13536 24957
3991 10130
23027 23071
87980 55957
55743 57753
17855 71870
88441 79941
56439 8488
28735 10305
89239 45901
4965 33381
53978 53017
68673 7551
6960 76141
15369 78070
74374 78071
58479 13154
14342 62495
76686 76362
52012 54749
19845 80693
5587 16973
11863 10896
22364 39467
13534 39547
85826 54435
55997 9132
93421 31439
86767 74773
48110 40609
17029 51398
11265 22412
54583 41575
31094 29572
85358 35372
72493 45243
50892 82492
44970 73009
72330 2464
19885 3554
14170 67608
13876 19068
92446 81378
32498 27603
4596 80573
39473 23924
80005 78224
71438 5380
6016 82938
44009 29914
51797 17238
1721 43855
42030 34685
32153 14205
11654 15038
15298 9832
86346 30270
34949 51835
75491 62107
34521 72037
29499 6118
69615 37125
4801 722
90232 41942
72432 70274
72276 54002
22605 58904
31395 64691
37963 62049
62157 44816
65325 32583
79765 20640
33104 33218
10932 6075
27028 29111
69075 31333
17783 19025
58504 72724
56519 10162
27942 33976
74817 42710
66621 13086
41025 57236
82005 74455
91994 75450
68833 55628
93401 8661
60165 53399
74850 16453
41259 44450
80674 76322
23699 47664
44807 54347
59158 76441
13852 23321
93258 17759
24899 35513
1267 38389
56018 14793
53824 76794
32499 78872
48244 16075
70768 45845
92796 33710
12645 79461
29766 85007
28565 22140
53559 35483
48287 44500
41693 26237
17019 10062
84985 36816
70071 13256
43417 22300
31207 1154
67593 3335
83165 15874
40820 5885
29641 31568
5922 29175
32541 18684
20225 30213
87798 70070
42020 6599
43687 59707
12483 9284
92843 15911
58335 65518
41188 68925
57338 9712
17867 51037
11047 50604
62721 79278
59780 58669
76288 1490
79821 75290
18540 14118
18719 7841
90514 32447
18248 28249
29340 70135
63658 7147
10749 49572
29160 17314
15893 4078
1351 39168
63954 33153
38702 2376
36994 24847
34765 44635
84494 58002
5794 43770
84278 6900
6353 34133
60197 5881
71238 80875
80092 42666
33808 85346
4370 59719
54994 12448
9687 50099
55915 61885
87347 21163
16761 71182
65015 7472
2196 19758
56467 30233
44166 8258
29788 69519
79449 61510
61574 39199
70405 65509
15323 12955
48482 36313
51298 18882
33049 78145
3929 66768
11321 23123
25395 50198
24498 24596
32981 14396
46006 38764
28485 81202
84818 53349
4883 11279
42172 78631
51452 63928
93003 2677
16690 77085
46310 6869
42349 62254
13561 82532
66489 56898
62654 37838
10338 76820
51431 20045
49851 51906
80322 76318
88732 42606
8535 26724
33581 20582
67157 34308
59583 21161
79347 46888
35023 49459
72405 16679
89222 79745
38394 69388
39565 20096
22670 13068
11238 45771
58559 36912
20301 45714
63317 43186
40426 56914
45461 54041
32645 56464
1377 27569
67556 59787
26147 78965
17007 7206
47587 8559
41304 55080
41472 17364
77212 73141
25845 64520
42580 62170
30372 45564
73073 33865
29073 23144
32609 30002
26590 3749
91885 64446
40990 43586
8908 27774
85306 54601
1725 73906
6735 3968
71114 36791
46820 60590
65860 1531
11596 49336
75196 39857
56157 34741
73477 13081
79876 33672
45734 13586
87910 34949
82905 34063
26159 10576
38910 17345
58851 11795
24460 27783
36535 27889
79145 60895
78322 74466
4444 43365
50604 75504
46367 41500
4223 232
53507 45192
36412 7760
35863 31897
21691 1131
67810 45172
81041 6090
64313 80321
18251 10619
46312 54606
42663 51082
1752 8285
65875 41421
54997 4629
28913 553
25641 40107
50312 17925
64114 60673
57971 33480
92944 26214
31736 68235
49124 52632
9296 61865
14629 45555
93819 7974
88687 79094
42863 57841
39952 46689
46889 73315
3367 47036
17885 50813
38511 64384
62399 38413
15089 68171
69004 20560
72132 53247
23357 46248
46335 53387
28269 8025
56683 3891
9088 29156
79843 12428
74851 75471
49360 40067
41139 57110
57148 37043
45527 42528
38112 48511
17719 46752
30472 9329
17193 68143
27804 83988
54718 71417
42443 72590
59517 66684
36074 55993
8436 8431
10005 58530
91523 54602
46025 58900
9262 62605
77864 62033
54156 55490
36516 32131
81666 1145
4727 2118
84067 29092
84259 43165
61436 8914
83389 25102
51815 29543
53854 64052
3778 78834
55218 72059
44722 40534
13324 10999
79547 45898
7247 81704
51789 82067
44277 79470
28498 5633
66295 46244
57319 83797
32128 61107
25472 67715
50152 65226
82874 78772
85591 60558
24922 46256
89291 79753
30777 36529
49999 34838
7189 60503
12951 68828
23604 83119
83838 51560
46698 21277
20944 18421
46699 55484
54919 18870
64951 34145
61412 28844
56209 31828
90327 65699
39789 33820
66549 13221
28629 7790
88990 51332
68998 36170
21950 36765
21760 70446
70674 74374
23750 82252
14628 56711
41239 26609
52203 14985
4796 42569
34068 35047
30978 5510
78714 12826
52736 85263
14062 64762
1540 82006
72208 2386
64576 48965
24445 78066
66239 56364
92445 68786
18072 24567
55895 70337
2746 80343
19650 54557
43450 68910
75497 21583
88872 58319
72495 67968
82566 78651
93359 55484
77705 80311
57052 12620
85403 21639
84032 71237
39596 64669
84372 80254
68385 5820
41512 3126
59471 41169
66612 47811
84712 24129
90063 41683
11531 60486
20096 52729
60477 26737
12794 32261
43231 7675
11083 72085
34913 37248
78909 68179
68371 30208
20971 10517
42872 78075
464 32706
79997 43357
74418 75721
3289 41906
52265 11974
23088 9869
86953 60743
18450 30574
14666 53365
71239 49008
48113 8119
4251 39519
74203 62668
38784 24566
24784 38603
34112 35823
37288 22397
59202 53536
4206 77413
47614 69186
37925 59371
70165 12408
39861 73177
2866 22945
68799 85623
80631 63548
68348 73934
14671 84405
23264 30999
81218 74715
65795 38429
62947 59083
3299 14642
80525 65593
100 49854
67808 51670
53206 27902
3781 16379
10258 39452
67726 59150
58833 38701
24699 47809
34582 85213
84520 49848
83476 49278
45615 17883
9207 27422
56133 59671
6422 33802
67815 17663
46615 53174
60955 64282
66426 85022
1448 16309
31640 69937
18944 78436
78831 49020
28182 4735
77139 72339
92298 24838
41258 17982
35306 40994
59979 24177
59171 9336
58989 50321
81249 33893
26877 45313
11554 11647
13731 35569
84469 38955
4190 43604
72507 85791
21112 21080
63019 71887
14891 46250
20227 40003
9242 39668
55567 69964
9811 6272
68335 49154
45454 10016
61979 64153
40613 23835
50328 50320
68212 81434
27575 25495
19193 3786
70756 46775
368 13560
40278 38585
27715 65063
55111 69424
42783 68661
2242 58978
20624 49135
27595 28347
20961 70582
87436 76351
78035 82338
89795 70914
13205 58391
26576 23484
57674 27979
30602 46128
24463 52436
40465 68214
40775 14652
39283 69256
75464 85359
31890 38833
69395 28649
62064 24817
60657 76877
58533 70464
58855 53132
12359 67743
75595 41523
72333 38938
9125 78869
5539 57965
26786 33438
53283 66106
33617 74789
51689 16611
28375 27857
39264 70287
75713 58719
31161 24123
13075 43572
29660 42515
45932 82797
35701 26878
48021 21928
191 45318
45802 67811
17101 56316
35821 5992
81742 38185
5706 12616
49877 9812
1571 19105
6360 37485
81021 65286
93880 83777
80646 52743
66533 43504
8353 19031
60121 20212
22920 35704
338 26160
17721 79605
28142 18304
22321 45349
78076 6383
7807 32867
55001 12358
41285 85959
45427 46434
55177 57045
89876 57180
62017 4133
51519 8675
27524 32495
89110 16460
45969 85720
54808 69746
78789 67607
6794 69816
77821 38212
64545 59565
9456 56107
11452 24215
34689 20682
87351 85410
87919 51462
90726 52824
20750 58876
71557 77033
24125 32339
9726 42390
86256 18363
4253 19191
64580 40837
21582 3744
29809 63529
82830 81615
32877 77634
52669 19039
70861 60056
2839 68851
78691 8608
59121 80363
68861 48580
55748 36604
38376 58984
22000 80149
82145 63888
28707 57088
33515 1765
92335 9049
78225 38366
61499 5279
90141 27671
93500 77678
81176 36113
48241 37867
6399 70300
40197 74919
20185 55175
27799 48277
16508 49662
45784 57227
76983 28486
80366 24381
19959 72689
29646 31929
59584 85080
21430 75126
37612 51131
30421 37784
64956 11122
72844 11887
39897 53641
64384 80712
55573 29617
35907 9189
68733 31883
17037 46653
12321 63245
64261 66733
89525 37242
44538 62680
27768 22464
45248 5754
23030 9684
65132 63554
9812 57023
93196 13457
89065 58613
31778 15415
83319 56954
29067 24099
6271 25093
28751 29060
85473 2657
62845 15799
64977 62974
45057 1232
57288 59375
64071 78475
69752 72540
38222 64258
54212 40123
92061 17070
30677 19307
17646 54123
76246 36406
15182 62764
4162 23333
32215 39259
88575 52142
7102 81276
50672 44172
92671 37977
20086 83884
19186 66467
64898 41410
76135 20372
62605 70397
33072 71311
49443 48867
88890 27723
30495 42268
81138 6073
33479 54594
88824 9064
365 66692
57229 84377
91404 74391
57102 6543
41350 64998
29406 34077
73254 61676
23662 20718
4601 53866
1463 65457
49066 57245
34773 67699
56461 82976
55271 11950
21013 86145
35227 73347
56138 19402
77181 7103
40238 1294
88343 54754
89826 68651
53452 39168
1268 31615
1216 2915
72001 81007
45921 49734
82176 80075
15678 66645
50585 22198
10502 22646
3055 48839
50457 55496
18172 34150
48380 9414
58968 3969
30943 42797
28931 28958
39939 74879
58554 59736
78910 35353
42308 43184
23485 44805
48577 69548
93449 81821
85375 50277
32165 39161
52424 30377
20426 40331
59400 27577
76330 40070
54970 32754
89790 40578
83494 22028
58863 37635
39454 38908
80595 48207
28364 80607
86895 48014
75778 15675
54309 35475
62288 65931
22529 29718
88276 46219
71120 23024
17607 86247
85207 72745
66370 49598
76305 15186
34123 67869
23548 41694
72939 38819
83977 48189
41054 4987
91576 20937
10794 54916
88153 75007
63514 41064
38968 29805
76517 52030
75558 81689
17777 35352
2343 86861
59657 50247
39251 51386
68467 82703
39502 17118
35916 58453
19370 40750
43032 40340
36832 24487
8728 47509
84908 31979
46378 45851
52429 32837
84115 25416
62324 25161
45005 68737
68968 83561
90910 49996
52749 65705
70899 71867
82670 17099
47107 63195
62613 23276
75421 74636
33317 15566
7718 45581
88565 67175
83405 30051
309 10237
47170 78643
15987 9828
74282 72462
24886 74612
70182 22092
68332 50739
6931 19516
79827 16777
30327 72257
71984 25383
78036 47814
39052 79551
11828 73448
14296 12433
88763 31211
43834 59656
27490 7096
52462 18933
50390 35091
86755 37449
53974 22518
15868 28458
90018 45134
21091 37552
50189 79277
85393 36796
67952 8824
30384 52893
55250 72165
8609 49450
5647 27446
62457 83594
78234 75134
63704 29824
32926 39330
75054 77403
51241 64662
21930 33094
92620 72694
25226 37596
3367 78427
52235 39325
76630 50569
84381 50939
88163 25776
52125 69143
37388 76554
7362 55156
27156 16597
56230 55191
2187 70745
72185 20599
51646 43652
87396 68966
39851 80121
3860 49624
36374 83785
40090 47213
83880 60122
36381 77372
17783 48119
87572 941
15428 13413
39543 52304
36154 37807
21583 65729
31042 43808
55611 58889
4552 79257
85564 781
74969 75828
66671 42223
29298 83146
69081 45892
66779 78043
49096 6313
41435 53822
64814 55565
58087 48020
90275 30903
58567 53581
70202 48258
86308 44489
68190 32360
37419 45209
24745 67482
5650 59258
53716 80344
3595 62652
73437 30335
43622 71390
66542 30580
54560 63826
86242 9961
43405 80046
78642 45652
55357 37698
73938 68294
320 29107
87752 2336
38032 24614
32069 34507
50133 34655
32133 75051
87884 17253
41935 5402
2680 4125
52145 31725
58421 72300
82659 20363
74970 21328
84587 81611
45553 627
43173 33471
27125 55540
56764 50439
91024 41635
6843 15294
44114 80438
87785 79222
16344 22549
86750 86175
18948 61507
12176 84115
3657 66052
77633 38763
11149 31401
55484 44208
14076 68740
45909 39384
66937 51228
64735 39622
87198 38129
13152 33029
67131 75923
41633 26703
9632 51809
38182 82992
79145 28923
60661 9018
6334 55745
71758 73360
12230 14887
14005 36337
36404 17678
53003 13181
23348 84014
1705 23802
14520 295
47217 14056
60388 25530
22215 43462
60218 2436
69786 20312
19249 2002
92363 28571
51649 30170
77923 220
47816 18424
63088 11954
69835 8494
21387 69859
4636 36066
36938 71109
36695 71380
74993 24291
87611 81313
46258 54114
2517 53186
83928 15931
37037 28380
22782 39520
7900 1340
68190 17550
1869 43774
6416 74373
21720 84254
33241 79878
27719 45682
65209 9567
31601 34922
85559 80413
30819 42921
8163 34099
10697 9768
27824 3209
52473 20277
49606 78609
57788 44224
92219 56064
12619 53680
91973 19670
66532 74261
77093 75033
31292 67739
15689 8472
66034 36672
68637 4137
21815 70551
9101 3016
4380 29499
2195 2988
28793 76900
80154 20934
74696 11830
58940 64964
7977 21361
50369 72051
89399 72166
52916 4284
77966 25338
53475 9444
25113 24561
77574 75892
44622 58599
60979 28047
9837 35719
31095 20702
40344 56193
79041 45503
15478 33274
9580 12296
65560 10775
10729 59633
93189 43816
13640 70464
74027 51829
36321 84876
12681 80582
71562 66853
47737 7642
33260 142
64106 65415
34847 13118
53566 18637
55437 67672
29076 37688
54694 79137
74229 85190
14241 351
37226 67510
60147 34327
38174 69128
62585 34993
77732 677
56334 13746
47209 52776
92961 23550
87603 50363
36840 48660
45894 21777
23768 49582
62253 68393
34342 19057
53739 41033
87645 75066
88332 33509
56251 12392
62087 9208
30892 24883
41876 6214
44523 18255
27031 41892
34564 50332
9132 69294
27225 77149
86266 8116
26499 67287
59980 33733
67168 68684
39618 42541
4520 66325
61885 39654
15949 28555
29824 19641
17594 33177
55101 42072
89753 52983
40081 4256
18193 83947
74648 81996
93287 35352
32011 62974
61396 85593
84893 53893
29774 56038
22292 77805
56618 84365
79838 47176
1315 38771
54044 76153
65578 64854
64439 52119
79171 1188
44606 8545
3834 18852
25614 56731
4247 44822
14209 85055
81541 5388
23100 46575
8268 59229
84131 81624
16779 33890
91443 11353
79277 69678
8686 4329
76911 21342
73196 61547
23197 35943
63365 58880
73899 52241
73063 53522
18978 59710
29450 47192
51515 59697
3625 40864
29982 9282
7037 11272
64848 84461
8827 49227
22088 298
26272 41086
36069 74889
40215 69644
18909 18049
62131 19347
3842 77614
70863 79354
41275 85426
66874 72458
42536 36110
1723 68390
88081 56834
39869 41290
70552 6702
49513 52946
91057 9438
28286 50067
57778 67713
11181 54789
31840 69601
21745 44692
72278 22406
5815 59675
5054 37450
86203 73659
71783 73467
41911 69483
83064 12855
26296 76199
84062 11556
27127 39960
81478 64019
83783 12440
8353 62878
9219 64761
93471 77726
10023 67883
21489 11497
34837 19738
65045 37424
43231 63811
34929 76976
58032 83381
85700 73685
25065 40006
31466 38085
85422 65773
47898 3270
58393 85933
73714 39061
65382 56743
44322 85072
12355 81507
55564 29930
80825 44066
83197 39786
36162 37406
3090 65773
60556 30174
60573 6997
52946 56454
55883 64618
26268 45206
19717 46454
10322 75941
49223 27876
12528 76917
20833 45120
45754 80852
74204 44651
7717 38674
55785 7854
46828 67501
35238 47193
35991 12912
43615 71014
29130 47757
8275 32056
70789 27681
39422 33026
76264 1569
71975 15691
1907 33591
30841 48151
85617 66274
17472 28782
26875 29781
23047 12112
40008 66507
19084 7561
64133 34806
17830 27522
42285 11927
59392 8149
55844 40496
5114 64525
8866 31940
80095 57548
73483 15418
22891 66163
61929 16565
1520 28343
20247 44841
66202 67232
79473 83692
11251 72324
1959 4137
60750 34770
56348 23095
45732 6718
75452 27618
43170 30157
5054 59920
88697 86229
82067 64397
31939 29288
77737 58395
64733 80032
57381 33205
16066 21687
80192 17532
89706 47516
38601 80073
57403 9339
34336 71580
70745 41531
44441 24562
74616 83142
12026 70586
52143 37490
52262 42071
3420 40703
22421 50635
89691 4223
58739 69345
17731 18591
53041 84202
30493 65521
19303 55064
78692 52483
81830 72801
11052 33428
32208 26662
11372 67462
38542 70158
3107 61607
553 86958
36607 12225
35529 54992
15822 42504
44109 63571
62226 48794
35422 6808
65909 39935
76048 33958
31459 81928
90312 2372
13807 78943
35490 38605
54695 79040
46374 70473
46438 32872
63395 10068
83856 85468
82828 77152
74859 28174
64520 11819
76655 49834
28644 44874
23927 83578
16067 27455
68732 53901
93398 64655
45706 86748
16039 1503
59411 51855
60358 10367
55816 62402
92813 72582
5471 86472
66601 78229
47167 83276
22107 21569
79354 69098
27859 61751
44277 51390
85604 51379
23415 39756
73446 19819
23967 83110
47640 43553
93029 8367
29122 16268
88587 67179
71909 2271
89430 34728
62896 971
40878 45943
18084 52145
33629 38698
65688 74281
41443 69389
73385 55746
45227 18933
43466 81199
64115 65540
83122 76292
17433 56798
2825 66622
81805 20056
74735 73710
39171 39983
38786 39787
57675 6295
75106 7100
72926 65666
32494 25226
36142 75280
76350 19853
42877 68232
46921 12448
67597 61787
58024 32125
81342 17190
7283 39022
64026 59843
37039 57363
986 62854
11377 83098
6376 77164
31368 30125
45212 25185
51406 4831
28624 28414
42639 42595
93864 15771
36056 28847
48469 26205
37435 43976
15970 27861
45598 50324
73062 61679
86130 68076
53406 48528
948 23659
49743 17138
34425 64845
37379 49311
89442 67198
23368 38347
17341 66340
88802 46215
16336 29233
11492 16804
53341 20551
76375 48751
2662 73540
30411 69328
81771 48390
93228 83098
39147 84215
15506 23538
22897 56743
77373 31730
14758 30938
78405 18813
474 13981
76497 41950
56738 72962
16566 84949
30386 62556
39287 78207
15576 81064
17855 10398
84708 3593
4431 15826
6441 68694
89831 77890
87224 27115
26104 66816
51191 48065
38868 30256
31147 32219
72976 83618
19659 23125
23372 11851
59236 67876
61075 29769
28776 60564
85646 2766
64986 11483
72131 29932
67458 11875
68337 80122
12149 77895
60702 36934
91898 36826
50556 21917
10635 60
31237 52977
39277 72684
92627 82477
9 45583
35647 68227
13164 19632
62873 34078
54726 42789
28354 15175
33428 73069
16794 55609
81149 22655
72679 42977
14193 52168
33616 65746
59984 68346
64824 76705
6325 52150
779 46275
9208 85278
44311 56814
78596 9700
75737 60806
52783 60946
31633 5278
89099 38024
50152 5769
13943 13858
89926 65796
49620 79600
26375 76747
77308 28537
11567 41331
49080 52493
4538 81869
61379 83282
77708 3495
40434 27841
22978 44275
43329 57583
60689 31583
6990 75461
42091 13627
9178 55954
21730 58818
93865 40105
25816 43542
17753 31523
35907 45765
74280 75971
71470 59127
45191 983
91662 19421
82850 56322
74995 46125
4705 84716
89857 26941
75162 44734
5609 36331
46625 40768
65066 51294
54098 5060
42303 24059
93689 5011
38916 56256
41883 23898
80505 64699
46010 38077
74150 78986
12001 37797
24924 45719
75778 54604
77354 76921
64191 2342
38319 49511
27521 3190
44043 15452
30934 47184
84292 106
56366 40241
40605 28722
71607 55626
46500 83215
23355 57235
31971 64479
49393 78404
54812 77633
17059 16491
50818 61925
85568 54196
85643 8865
3374 53836
13637 3977
10046 17566
52193 69054
16858 56672
45410 73827
89938 13303
88932 85850
20336 10642
81763 66685
81940 19377
23378 72074
89720 1230
50549 27092
76324 28480
26139 80059
65268 52030
68997 83173
22002 36551
27642 69351
75010 53870
83143 54451
78669 81259
44019 74237
19163 48341
856 15866
1577 79560
15550 68309
55252 70051
23130 56702
33432 14732
83301 11064
20138 79544
63889 55310
2657 50217
75217 40264
42942 75012
78204 60887
74484 83666
2971 24728
91981 84843
58079 133
2617 60158
76585 10760
66858 18879
12030 15020
9827 60204
41232 26987
41057 44323
1778 34390
57493 18866
89980 27946
30708 82447
1728 61780
72445 70805
24406 56741
788 75670
82579 20165
86086 24227
34657 58125
49135 53217
77010 68570
15399 60356
87080 62183
78905 20521
9293 1345
93040 36570
25804 72464
76236 49743
29243 23911
60041 54832
6581 3626
27604 74776
34948 72304
4754 41551
56570 56177
11361 53129
46623 85672
62060 36985
66173 52442
12715 78967
34236 45485
87579 6715
43396 6944
62276 81197
83723 4075
32340 2497
12336 55485
57845 22933
38480 71695
22046 75435
27818 32518
89685 78679
8222 79842
42257 21270
30411 10853
29333 35910
35721 69931
19438 83420
67459 55719
9372 13653
21221 71095
13635 79386
78603 12425
68301 40689
22894 44643
53237 65543
44596 38690
15382 49105
81307 25309
68672 25754
19854 49260
10814 42459
61641 15066
39789 11406
36335 81890
56770 23893
55129 858
72875 16704
81566 78491
76986 30065
80663 56808
17274 55638
35894 38500
71064 15147
83755 41112
31207 24346
20395 53683
14832 5729
5503 68310
43772 70429
10644 29310
33751 16237
86146 3604
62020 40998
6923 51297
58050 10995
10699 54140
35234 53756
61656 16980
91822 17358
18138 21633
71821 64212
18505 57505
33801 60377
76105 82294
324 84886
50507 17931
59345 12109
65480 59276
83381 32691
29305 74044
41268 9238
38263 7809
50003 34576
41156 78680
24178 54705
43403 16086
11558 39751
72870 74232
88249 84546
49793 60625
73407 26091
61824 28291
16211 50640
5332 26927
58864 83643
84734 13132
78054 77914
49278 14603
71106 43366
1735 60818
10118 64498
85409 41135
79595 8224
73722 9334
93711 20577
10393 29486
66804 37499
44984 40094
4607 61431
92462 28928
91090 21220
35329 85437
84094 9392
17495 4310
10534 46549
13442 45767
81846 8145
65980 34782
84820 3105
54358 48546
22018 38005
30510 40967
20653 74114
66743 2226
14893 27493
83064 70121
86912 25052
51674 883
73275 85988
4286 38101
67255 77517
81606 16020
55824 48353
48626 6348
32725 38483
4681 38457
29135 69896
80010 83937
39241 42705
49281 1978
9600 37149
86076 14204
61625 43396
33354 16418
7466 15518
17093 26647
24402 43959
80151 17068
11595 51363
72893 57760
71646 6080
79839 81279
61433 17413
83649 41653
48056 28997
73823 48364
59699 43913
61743 81629
85639 80304
38737 26178
67305 79313
24232 33228
40862 36607
35587 637
17468 65470
89901 52159
17056 8447
81152 71647
64549 2730
7936 41866
3646 14563
92618 10173
45647 80317
42204 75112
24611 76100
84359 20668
89285 63360
69655 64094
38584 25644
45376 36773
44451 8887
30802 42158
50727 14963
65680 66986
68248 58741
57811 70726
17121 64022
14965 50777
86216 44825
25432 60794
53000 50191
56204 40781
62296 39748
64047 81408
55014 59269
46712 69333
53757 45291
92730 34806
60991 40744
27895 46035
49522 78501
48986 33568
13795 25504
63853 21914
3415 35405
29276 19851
47210 17288
67931 77674
47277 83556
88895 37618
41534 19978
22773 51427
78389 11088
63758 44522
28170 85081
63640 48333
26003 25943
59928 17648
74211 27405
44288 67221
76450 17723
32989 82856
47513 48512
72486 21024
45312 62270
75239 39211
16764 27660
20627 34719
30009 76844
54540 38402
92917 78790
51747 9988
50456 34589
47921 32709
60113 65355
26464 17197
61861 33361
93689 79182
87304 60715
89854 75707
10422 59327
2279 22240
86241 16964
30049 75692
21402 84571
88860 64423
69750 38324
41360 73391
33283 23789
69549 72890
38380 84862
46294 13641
18485 15613
12972 52207
36035 59539
77774 64209
44378 20859
54436 23771
60656 11293
17007 11188
14300 70994
74276 34109
79755 67601
80528 50418
10409 77682
78672 42933
25040 51183
78901 25624
74542 63734
12305 55276
86677 69976
16898 58296
79619 57161
56488 69478
28719 77406
25345 26784
77026 57204
45221 82519
71900 76339
68633 10163
36886 81042
18710 52861
34590 12748
55924 33250
64157 61650
29826 71234
7432 62654
5064 8432
10992 21413
74660 43307
50745 39669
92628 50495
88456 12929
68166 35558
67840 60896
10709 35292
24119 56786
24691 28957
86842 21802
74293 42648
45026 14345
33299 52739
53347 37290
14921 5250
25659 23235
53491 59479
36884 63779
86590 9281
35242 22550
41757 31370
92692 82319
22498 7189
24403 16382
32289 6734
62771 21408
42734 41814
40629 46674
57016 5604
43642 34118
54887 50609
71201 74551
77248 15643
13908 68778
89760 2761
15271 79140
27888 84675
28827 19866
12948 23230
48620 34627
20700 16549
80387 74592
18967 5330
66283 57468
19851 43594
56165 47725
8496 5684
31200 62874
50549 19709
29347 63703
21636 53287
37501 80469
8554 51312
88774 54090
49856 3095
91049 47106
6150 54752
7895 46416
1044 66118
7137 31236
19219 10448
10619 34308
17379 79178
65842 17083
82605 30375
68949 54252
52067 64113
11593 22868
1649 67311
12612 32775
37965 19772
65888 27991
70445 50062
31575 8110
53587 74685
81662 18916
50273 86580
45797 18208
54116 12010
19503 46185
62596 33724
4005 48508
54288 7990
28577 2026
20676 40710
20754 52987
70016 66519
65064 70949
62166 13497
20463 6989
87998 61874
37530 47459
27507 49935
37592 10278
23918 8934
39042 32800
91907 42835
43900 44504
59895 67766
56450 12605
14924 15061
57816 15688
88916 73633
87123 31737
9451 34735
81173 65900
84896 18473
62261 63765
65245 48058
14186 72285
73418 7469
43126 11799
13121 63633
37565 67411
84212 66416
30249 62989
66821 82354
6194 72548
90974 72608
75260 40392
18548 44341
57734 26227
55425 76335
64930 56923
89763 1443
26705 26671
24504 45641
46411 4463
49581 72111
60449 36023
52757 75960
13060 39918
29336 31099
57876 28041
27962 67670
69456 52436
18722 35764
50341 82306
75875 52387
55738 83059
13572 34814
20879 35192
13301 63890
36938 55162
45088 55200
37341 33712
51100 77327
75294 1544
50595 10849
84066 58184
50545 24553
92411 58748
24558 24393
27196 77145
15271 81960
72236 14447
4786 41818
88743 2579
53391 70197
51711 84121
37503 4119
12286 31435
41199 41421
51983 4414
31478 20868
51638 26451
48421 34316
77948 2785
45345 34159
88598 52852
87558 57246
92187 56593
17068 45354
24611 900
54426 24406
27275 27186
73026 27881
92518 72439
89542 24160
49079 16685
16597 27572
83751 46445
92070 49474
44878 72227
1804 43795
92444 72971
26977 57620
20485 27236
65729 72310
58664 72853
4498 30199
90178 6538
54896 62538
30763 65796
35318 77301
85551 23294
47671 68121
77288 12443
36191 21200
26936 78168
76828 30120
92885 55113
77544 1956
65689 23286
63677 13765
92836 60209
6587 66650
28570 4420
37247 57601
77973 48843
65641 54149
67520 67917
2751 32717
79034 44516
60738 60544
64540 24159
47490 74712
91897 20646
18583 62233
85324 11783
80641 55226
77731 15415
41679 64264
92853 86475
57004 11042
33324 85280
31233 60664
9737 29623
30461 3675
4634 12974
32460 28357
35064 47098
33848 19653
81870 51244
6287 28950
27241 57602
84465 19016
46106 56031
14020 54921
18636 11519
26534 85321
56990 20341
34761 54196
83777 4635
77149 54619
85615 1964
46463 64349
89119 44822
7644 81789
15833 30272
67003 15128
53757 51531
23942 8322
71381 2502
73794 63095
7671 76163
20960 15257
53119 45981
78538 80440
31382 82742
87804 6852
93430 27078
25662 56847
32468 7517
25921 12155
73584 69908
15230 4102
92378 77279
40735 34070
92815 31048
82618 38234
20808 47938
59785 53808
46453 11430
61327 77319
16722 48723
45649 37143
88104 7716
76728 63522
39967 6971
89712 57781
76243 4046
9842 62927
32547 6694
34116 76807
92615 84091
5254 26830
305 29929
6972 64299
10158 29203
50147 55074
35093 11277
23660 10583
12635 71653
89579 67129
84279 62611
42555 49963
10812 37265
4412 49485
1548 14571
65110 82516
14952 66253
5505 45682
13650 72298
46832 62335
81011 83161
90810 70679
91596 12967
2344 48983
54053 84092
69020 33256
35732 34332
25888 7542
8638 74657
83801 4358
2337 22435
80 357
81297 83692
5877 79807
62861 50171
59168 31881
10446 59430
46361 2292
42975 37528
67908 63749
12941 70109
35307 70777
63550 85086
23509 35890
20836 13879
37556 41399
39788 20421
20220 17743
49410 18112
44928 11647
63921 7997
1609 65397
90169 76779
40338 31363
54618 46623
39805 23458
82102 54738
56452 32040
34302 39095
18023 29648
4398 66106
24609 20040
61231 26209
26138 32941
13763 440
61713 31162
7023 24834
13588 45223
56198 6548
31289 44626
4461 60061
66060 26234
69501 64961
20497 77569
86498 14490
23870 59996
72846 64983
65821 37208
32996 14621
35281 82797
37920 80671
59988 74538
71488 38343
892 23735
65648 55455
76208 43230
4872 31790
33073 75367
10786 85924
13894 62095
36694 49903
6645 84539
85841 49842
34206 37132
36761 12593
41 71874
14542 26190
80132 8007
76521 72175
38103 59701
28993 16917
37212 38006
65694 36412
29 7784
9381 27525
58813 73110
43088 69864
73753 32183
15270 22522
70998 76754
19310 86437
28414 43222
63021 81067
61324 21596
14626 45022
38419 40624
48675 32709
79899 8553
27082 20594
85270 25913
10993 69705
5833 12699
20265 23482
55219 27813
9284 50549
71324 52902
78932 34720
21861 49146
75330 83815
13459 12011
48256 40782
15124 36381
36949 7971
24448 61092
65250 15577
20379 72509
37717 74564
26136 68335
46554 49222
15117 6484
75380 60345
64064 16843
80086 30693
55349 53530
25302 72510
84463 73745
38231 60097
73293 47986
40095 78606
47494 34254
85580 43004
8817 71614
64970 36582
23167 69556
93430 5571
80272 15280
51417 25555
87422 17909
78604 11916
26821 64132
7315 55431
36029 49131
60885 40777
11122 46241
30914 69812
86956 23256
65205 66766
38201 7844
93621 30033
85465 57516
85740 79305
49839 31499
62770 80908
70615 64638
70656 84822
42698 78976
20469 34727
37840 50679
457 70367
64733 24483
78877 72623
90717 34731
43633 63659
59989 52313
44211 56318
11869 77998
61496 3840
19513 75927
885 73986
71351 60734
3540 49100
9999 80168
93577 77829
9810 82985
47695 53955
29649 56643
88981 59229
84092 86069
42096 31579
80844 25225
38072 38299
82719 54806
73184 24882
87397 86449
52451 755
90350 83713
77304 2370
62963 47685
90647 5024
68491 57705
61290 69916
62322 42556
39188 45095
40111 40494
89319 81675
60063 12643
1487 48923
89455 82592
72463 60826
33223 36812
81969 13072
78030 52626
7852 4084
66466 62012
53586 17348
56694 57159
52632 80977
42823 78841
65569 53415
16447 74105
89238 69089
68961 75220
75894 3353
55091 78293
80417 17738
52099 51312
33407 37221
45942 62645
757 42940
29333 13789
93296 77504
29273 1720
48694 22687
90289 15954
32353 70799
84097 38741
39145 75802
85005 10401
50085 84182
67670 77457
74312 41267
92384 73850
92912 2754
78775 31492
71386 43537
5922 20373
71325 33679
8664 40421
10287 18794
87916 27994
31231 74593
60148 53643
82532 27022
21169 69486
16634 67491
89768 17625
27507 24249
51664 55194
58976 19385
53825 24168
23740 31100
4713 70787
24597 44437
63576 10357
78871 73194
33182 48994
72718 18992
91694 52166
81339 47092
79126 8183
56977 78778
2154 59733
55985 369
35593 49880
80939 37853
57120 83361
21108 41942
12477 68730
85425 35743
12071 84354
19402 41109
71992 16891
25402 56301
46299 50029
92074 37718
45633 37539
26839 63924
47087 18354
55312 80312
4720 792
77966 57727
27515 50541
86964 19041
69908 33190
37972 15045
53319 85661
92998 79417
56229 68171
53547 8547
33617 11058
43683 52896
13787 3539
20511 78378
68856 49387
66008 83059
40027 20417
86403 56075
7633 65987
5060 58213
43537 33509
18295 58047
90956 45701
73943 68031
6523 41161
70973 37139
19774 14648
71415 12645
7435 86197
61491 72384
64576 31759
16709 40151
74069 14676
34836 52229
40501 73435
2445 75761
77425 71575
3612 29860
71151 42472
42147 21510
52327 14697
89126 56017
78350 72569
77425 3663
37438 81184
48422 51273
6981 6442
47638 83092
52131 5319
34734 56689
18053 16251
18344 54140
9831 54038
32625 21517
12218 47592
48070 63873
7330 30172
40531 38553
81962 21477
5259 51774
27121 9039
53773 18128
21015 35723
19228 32813
38795 45202
6579 277
28648 29618
71802 6454
83985 19072
32401 72958
29601 61394
11791 72473
94226 59443
38822 24415
46909 52433
59167 25706
47564 47881
72136 31642
60676 46940
49758 51662
67903 20601
39328 18003
91421 68985
34786 25369
80580 83653
8950 45848
38919 57425
59654 74558
86300 68369
23226 5564
5726 33344
56395 26690
37304 71260
16414 55929
82587 53965
22484 8486
73764 74103
56163 49454
85658 37997
19775 25802
64431 50335
22978 73046
30047 72082
70108 38495
31520 78145
475 2587
74411 83396
71002 26791
24021 14267
70996 72536
84946 58007
30616 83179
70256 50586
2196 13752
3252 41924
58594 64755
55009 74374
57708 26293
12717 48593
19961 24131
27142 77891
55066 81514
3941 36668
71494 86970
38641 15258
76459 34485
35527 61611
6549 29353
22605 49819
91194 65164
88290 68867
58565 2924
93562 55692
51961 7193
56872 84704
78889 46479
87789 38839
2288 77607
55575 69212
66503 57910
9096 50990
56563 71088
7995 74371
31047 27504
51025 68004
50502 9796
20449 682
9688 16366
50654 19192
34557 36908
31410 28631
45426 21474
87385 78500
56204 67276
38714 17349
68252 45860
53246 6124
47880 62105
9967 68716
29036 4537
65438 61783
54622 46292
74935 86112
1080 14015
46505 5305
53063 1562
4363 14828
18998 71076
29513 2761
57304 5569
64253 58099
89626 71143
8190 51404
1359 20972
44706 7134
85742 27758
32750 45627
20283 82040
62905 332
17811 14760
79579 53623
8264 58362
34361 85210
66719 24695
43184 47024
71101 18363
33706 20372
59258 83346
3181 47737
25272 46705
72134 6547
83389 6833
31803 60098
43473 74389
19379 1212
4417 53526
37499 91
16569 54947
6000 48414
40167 35568
49404 66950
54026 55471
46599 61186
1639 35916
47326 29212
67024 74072
90051 9146
89377 83746
5598 3929
85916 71325
35674 5481
25623 36961
3214 46612
84377 30414
63616 24263
61864 8191
17577 468
89743 45971
16569 16788
63003 67658
18794 66775
53402 43956
69494 48280
56213 37114
58789 65258
8112 44936
6187 30868
15188 74571
92383 33617
89009 29059
71507 38438
19960 30609
12886 75067
11566 18079
31024 68719
32943 58884
58541 55723
32962 66435
3921 32451
68281 85824
74455 42854
7890 47727
13089 81416
84483 492
90734 3510
76666 7670
91696 75440
56066 69713
6176 79779
76710 58443
85450 81516
28686 23005
80218 16464
43748 51918
82825 68904
34884 72434
42067 27874
91284 15136
93064 86052
82903 9593
63116 40615
77960 39683
6501 51981
88652 36503
71182 10647
5215 78972
71422 26035
93146 51274
30310 27318
60053 23657
6510 36284
81325 28097
83067 84130
37285 42836
30146 70307
6301 72819
6747 36464
12 49732
73580 19690
54236 19293
88895 59746
37405 53689
56327 79679
40413 52179
20937 24705
70113 23745
89350 76806
66408 55883
90303 80771
7188 475
56241 2724
47663 50267
32766 1356
17506 39482
73839 55199
29881 28729
55711 73608
51761 41277
25189 26218
33934 38186
51731 7043
78451 931
27011 47979
30407 55783
26314 12472
34241 41135
65006 79795
17023 66622
65294 2755
20986 13289
19354 78646
79045 69948
25216 23285
87516 35810
86976 83480
75607 64485
83164 11064
2913 72329
45172 34788
56750 49470
89978 31381
62838 57111
80010 39966
45952 61841
54200 32447
48711 36293
2355 61778
53470 68888
45675 12444
34933 67565
1159 51320
40604 27884
46193 33035
52423 6095
9590 3956
54274 81731
24044 55918
65468 23143
48915 67972
66899 67871
35764 35077
27659 12867
43856 6299
42709 11205
11623 65039
42323 46968
62425 25425
86069 22539
92655 59021
28026 509
44131 42764
84144 63921
16517 15861
68049 63154
94030 9546
32847 58886
91427 32116
78390 7409
79594 42899
12694 4531
44646 37527
11066 10908
58978 34540
78027 309
76175 5861
61887 285
51809 42107
60715 63892
28131 5122
73050 76385
22393 56415
6183 4589
73345 86033
66024 69779
37950 76369
58627 52419
47037 8193
43571 5334
41181 46132
32276 55787
55104 74875
13480 9398
90847 32532
94067 37412
35606 19157
39147 80069
54299 60303
50198 60100
64074 47516
37127 10231
65553 18458
46492 52916
36331 15562
67146 44756
93670 80508
90535 42428
83820 51239
31273 7791
10255 47342
20466 78467
92320 55965
19214 65578
64737 54
77413 6
31745 8912
34724 58051
65321 80262
26173 28115
92670 41909
42200 24964
64280 17967
34929 64576
81080 26658
56058 83300
73289 16886
87910 85718
14490 73905
6313 57075
23164 75845
75951 77328
70085 17032
76223 45340
29642 35586
57609 38427
78227 36341
66978 35363
63336 30039
47167 63002
6653 60874
19303 72199
34636 69633
17227 32119
49519 34755
61600 82234
4300 61957
50738 77886
55302 59905
52666 57390
4859 78729
81748 59513
72522 31096
91605 21982
20004 24100
70813 15343
56662 71621
55301 21495
49734 66645
83134 80538
93689 46001
3158 46062
16683 78592
64930 72954
40991 13088
10974 82386
88831 26104
26151 63687
86644 19421
4525 67878
83718 8485
70776 66428
73769 25668
83633 43474
80308 70663
59011 85926
59861 21130
17360 58266
70403 50863
92591 3027
32785 18196
83644 7105
41268 73547
57553 35245
56953 80027
17570 69539
8039 72568
84979 7672
61029 24210
26209 27309
37759 84978
27083 61097
84892 32313
89246 61607
16680 42074
64657 54901
52375 27533
30032 28104
68496 27648
49610 44986
78955 31809
73286 25553
9231 12482
7391 61276
69375 22074
28890 85574
46324 73868
55262 28636
65130 79533
10232 11955
36364 55713
66156 66357
14962 41332
79994 57081
72633 64060
91272 77753
13590 74774
27412 74395
69795 27789
3544 34519
46199 45655
34700 68164
58191 32041
45676 57577
31703 66914
80059 13038
82496 71547
93255 36466
17461 83912
63945 76487
5131 61999
25777 72117
88313 1964
23980 335
93968 84469
55923 33039
19959 81273
23059 27341
89634 80551
33566 15197
19829 51772
66666 75835
92884 53951
69649 7507
68998 78413
30299 17604
17080 44863
53128 24360
69191 62881
48658 21334
24393 61583
16220 49855
76154 44704
68197 47785
12579 17337
43437 81127
45732 68485
43190 9122
83869 3327
36057 3398
38310 24169
48725 7054
50833 63386
17725 43185
40851 187
65165 68551
1825 42260
69375 7931
34563 10846
4018 47288
35123 65977
92863 35105
9652 66122
30875 80532
35503 59726
50625 3458
54611 83452
83013 18609
87631 19190
35357 661
76613 83485
89843 8615
55913 30743
83236 24787
2669 84099
53843 54550
79164 64541
60396 7950
65180 40893
10244 27791
31769 83818
7593 33088
65626 56511
72588 34564
39319 5497
53705 62973
53759 9474
54776 439
14426 18326
26518 16453
84878 13805
19717 53869
48930 4572
69388 83300
47452 24535
11416 42218
71525 44064
14247 68972
68749 85991
30109 29119
18486 82610
92091 55109
47791 48767
48365 42312
83570 66382
10792 60375
26125 11654
89168 33524
59020 59368
28201 64216
67023 25609
40021 30348
18027 79810
36143 17606
3322 17885
25238 17604
4247 6059
37785 83693
43917 2097
11116 57380
53423 57986
816 5156
73399 46524
62920 25123
1720 57892
15179 50933
64091 23465
78377 70214
53637 15131
41662 56219
20249 79863
35642 43034
57269 13074
59439 28515
17916 36656
27724 70376
14238 21692
85776 6607
2856 69873
71688 78713
84020 41435
44167 60057
89470 48283
88951 42672
30889 86592
45375 17789
84997 36853
83215 34698
15222 55693
28382 15714
38273 264
57178 70326
11592 24592
58623 44690
35634 37167
33906 13069
21310 29689
70439 75112
63670 31370
72523 33101
33356 47903
90966 29671
12227 51258
60254 7016
11504 83053
57862 85210
76611 63573
71797 43655
32009 770
58010 14359
79158 19973
12641 84855
30100 41683
68189 37654
55 44627
7134 5212
66828 59481
70962 47761
3553 11436
19724 80010
64668 54076
2842 44845
48988 62346
31632 32576
90453 81864
35914 78252
60018 58167
66788 49310
94033 80939
25637 72358
72408 17885
34698 35792
80108 70602
20264 33910
65045 9021
47448 22547
74035 11993
40761 59406
93660 1164
72080 23178
48563 29351
62075 25415
67896 80098
22242 83525
48626 19038
66749 58787
17218 53523
19797 17080
45152 68311
46311 33806
43562 15451
27160 61609
59716 17912
57810 56650
41107 19649
45444 48108
33070 29717
45129 80835
54465 43175
55587 12253
31355 25747
79363 80475
48328 64329
32914 19985
91447 83501
59477 76707
58225 71419
11111 21407
19469 13057
25594 17899
62881 26287
36271 58750
27564 42189
32336 75826
78567 41526
57247 12247
5188 33587
38959 36456
55837 3198
18710 411
14460 36653
72686 48453
3397 50270
66380 76072
67122 57845
41946 59235
